asof_ts,gross,funding,financing,liquidation,fees,spread,slippage,impact,net,turnover,gross_leverage,net_leverage,n_trades,n_held,spot_notional,loan,uni_mmr,stress_headroom,governed
2020-04-01 00:00:00+00:00,0.0001040700551,6e-05,-0,0,-0,-0,-0,-0,0.0001640700551,0,0.3993661156,0.0001040529832,0,2,0.1997350843,0,244.2319387,237.959907,0
2020-04-02 00:00:00+00:00,2.662472532e-05,4.244919533e-05,-0,0,-0,-0,-0,-0,6.907392065e-05,0,0.4086992517,0.0001306686827,0,2,0.2044149602,0,238.5219443,235.9030148,0
2020-04-03 00:00:00+00:00,-0.0002456556272,4.570991258e-05,-0,0,-0,-0,-0,-0,-0.0001999457146,0,0.4247475528,-0.0001150099403,0,2,0.2123162715,0,229.152566,213.8106819,0
2020-04-04 00:00:00+00:00,0.0001675946283,6.690047228e-05,-0,0,-0,-0,-0,-0,0.0002344951006,0,0.4284980472,5.257236003e-05,0,2,0.2142753098,0,227.1447264,217.9521902,0
2020-04-05 00:00:00+00:00,-4.98499504e-05,5.879300336e-05,-0,0,-0,-0,-0,-0,8.94305296e-06,0,0.4345225478,2.722385282e-06,0,2,0.2172626351,0,223.904745,219.3644549,0
2020-04-06 00:00:00+00:00,6.064781961e-05,6.573941706e-05,-0,0,-0,-0,-0,-0,0.0001263872367,0,0.4258681196,6.336219672e-05,0,2,0.2129657409,0,228.6509429,220.9981879,0
2020-04-07 00:00:00+00:00,3.164109362e-05,5.58470505e-05,-0,0,-0,-0,-0,-0,8.748814412e-05,0,0.4937798252,9.499497941e-05,0,2,0.2469374101,0,196.4942518,194.6603351,0
2020-04-08 00:00:00+00:00,8.580968987e-06,1.682124781e-05,-0,0,-0,-0,-0,-0,2.540221679e-05,0,0.4785704532,0.0001035733174,0,2,0.2393370132,0,202.9027399,189.880445,0
2020-04-09 00:00:00+00:00,-0.0001959309779,7.177003198e-05,-0,0,-0,-0,-0,-0,-0.000124160946,0,0.5051054762,-9.236912918e-05,0,2,0.2525065535,0,191.8364561,185.7085363,0
2020-04-10 00:00:00+00:00,0.0001356034126,7.57796768e-05,-0,0,-0,-0,-0,-0,0.0002113830894,0,0.4890707071,4.322514637e-05,0,2,0.2445569661,0,198.4207266,188.2087289,0
2020-04-11 00:00:00+00:00,0.0001277652524,7.335412229e-05,-0,0,-0,-0,-0,-0,0.0002011193747,0,0.4500386025,0.0001709560162,0,2,0.2251047792,0,216.2612605,195.9356141,0
2020-04-12 00:00:00+00:00,6.961144354e-05,5.384908836e-05,-0,0,-0,-0,-0,-0,0.0001234605319,0,0.4509182444,0.0002405377629,0,2,0.2255793911,0,215.8640875,209.4423232,0
2020-04-13 00:00:00+00:00,-0.0001997500551,2.662099347e-05,-0,0,-0,-0,-0,-0,-0.0001731290616,0,0.4517258525,4.079477054e-05,0,2,0.2258833236,0,215.3764303,205.0418564,0
2020-04-14 00:00:00+00:00,9.494756435e-05,-2.30647783e-05,-0,0,-0,-0,-0,-0,7.188278605e-05,0,0.4393968012,0.000135732578,0,2,0.2197662669,0,221.6868991,214.0618931,0
2020-04-15 00:00:00+00:00,-7.900298241e-05,1.589757845e-05,-0,0,-0,-0,-0,-0,-6.310540395e-05,0,0.4425088127,5.673317581e-05,0,2,0.221282773,0,220.0751812,214.1643612,0
2020-04-16 00:00:00+00:00,3.36153081e-05,6.636781193e-05,-0,0,-0,-0,-0,-0,9.998312004e-05,0,0.426362915,9.03394515e-05,0,2,0.2132266272,0,228.6535797,216.0351817,0
2020-04-17 00:00:00+00:00,-0.000118788198,4.947315715e-05,-0,0,-0,-0,-0,-0,-6.931504087e-05,0,0.4741987612,-2.845071858e-05,0,2,0.2370851552,0,204.9939204,200.5622088,0
2020-04-18 00:00:00+00:00,5.548715465e-05,7.113408179e-05,-0,0,-0,-0,-0,-0,0.0001266212364,0,0.4688736119,2.703301311e-05,0,2,0.2344503225,0,207.4196378,201.572501,0
2020-04-19 00:00:00+00:00,-0.0001672207954,7.689914538e-05,-0,0,-0,-0,-0,-0,-9.032165005e-05,0,0.5050523745,-0.0001402004454,0,2,0.252456087,0,192.1597717,188.8071416,0
2020-04-20 00:00:00+00:00,0.0002083974472,8.355966086e-05,-0,0,-0,-0,-0,-0,0.0002919571081,0,0.4823131758,6.817709696e-05,0,2,0.2411906764,0,201.5962001,190.3393835,0
2020-04-21 00:00:00+00:00,-8.486604005e-05,7.23367498e-05,-0,0,-0,-0,-0,-0,-1.252929024e-05,0,0.456407891,-1.668915219e-05,0,2,0.2281956009,0,213.3258387,193.9388763,0
2020-04-22 00:00:00+00:00,7.567818634e-05,6.846368703e-05,-0,0,-0,-0,-0,-0,0.0001441418734,0,0.4574464615,5.898053259e-05,0,2,0.228752721,0,212.8651649,207.4716673,0
2020-04-23 00:00:00+00:00,-5.578505757e-05,6.860812214e-05,-0,0,-0,-0,-0,-0,1.282306458e-05,0,0.4878634601,3.195434043e-06,0,2,0.2439333278,0,199.2248744,196.3940373,0
2020-04-24 00:00:00+00:00,-8.099881344e-05,7.31790397e-05,-0,0,-0,-0,-0,-0,-7.819773737e-06,0,0.4962485604,-7.78039878e-05,0,2,0.2480853782,0,195.7235386,186.6610189,0
2020-04-25 00:00:00+00:00,-3.152026768e-06,7.444895466e-05,-0,0,-0,-0,-0,-0,7.129692789e-05,0,0.4998162335,-8.095024307e-05,0,2,0.2498676416,0,194.3010571,190.572905,0
2020-04-26 00:00:00+00:00,5.331556593e-06,9.481947646e-05,-0,0,-0,-0,-0,-0,0.0001001510331,0,0.5099266141,-7.561111394e-05,0,2,0.2549255015,0,190.399692,184.6621548,0
2020-04-27 00:00:00+00:00,-1.965803991e-05,7.650033378e-05,-0,0,-0,-0,-0,-0,5.684229387e-05,0,0.522237194,-9.526373885e-05,0,2,0.2610709651,0,185.7383809,182.523793,0
2020-04-28 00:00:00+00:00,8.146996068e-07,7.899632028e-05,-0,0,-0,-0,-0,-0,7.981101988e-05,0,0.5173449993,-9.444150177e-05,0,2,0.2586252789,0,187.5661538,183.4447313,0
2020-04-29 00:00:00+00:00,6.01335493e-05,7.761591612e-05,-0,0,-0,-0,-0,-0,0.0001377494654,0,0.5156010885,-3.430322721e-05,0,2,0.2577833926,0,188.2522504,185.8512174,0
2020-04-30 00:00:00+00:00,-0.0001692786393,8.767450298e-05,-0,0,-9.742389907e-05,-5.02854077e-05,-0,-0.0001295704288,-0.0003588838719,0.1257564083,0.4340613557,-7.308078393e-05,1,2,0.2169941374,0,223.8019127,169.0451551,0
2020-05-01 00:00:00+00:00,4.522173957e-06,0.0001408768665,-0,0,-0.0001550225369,-8.001163192e-05,-0,-0.000585838238,-0.0006754733663,0.2,0.6183701182,-6.854864307e-05,1,3,0.3091507848,0,154.0203496,209.4388599,0
2020-05-02 00:00:00+00:00,2.474288965e-05,0.0002635522652,-0,0,-0.0001550446857,-8.002306361e-05,-0,-0.001196086006,-0.001142858601,0.2,0.8311754923,-4.379312807e-05,1,4,0.4155658496,0,112.0820715,146.2410721,0
2020-05-03 00:00:00+00:00,-4.444291049e-05,0.000351706817,-0,0,-0.0001550476259,-8.002458111e-05,-0,-0.0009504271075,-0.000878235408,0.2,1.047347153,-8.820893513e-05,1,5,0.5236294721,0,86.89427672,108.163064,0
2020-05-04 00:00:00+00:00,0.0004600505279,0.0005508486013,-0,0,-0.0001545841031,-7.978534355e-05,-0,-0.001044783888,-0.0002682542054,0.1992619252,1.213465069,0.000371466078,1,6,0.6069182676,0,73.63056645,84.06511788,0
2020-05-05 00:00:00+00:00,-0.0001552311066,0.0002412638401,-0,0,-0,-0,-0,-0,8.603273356e-05,0,1.198473771,0.0002162163698,0,6,0.5993449939,0,74.64890163,71.94488373,0
2020-05-06 00:00:00+00:00,2.73427146e-05,0.0001862963157,-0,0,-0,-0,-0,-0,0.0002136390303,0,1.195391468,0.0002435070617,0,6,0.5978174873,0,74.86151117,71.70266334,0
2020-05-07 00:00:00+00:00,3.697965295e-05,0.0002748870482,-0,0,-6.233596181e-05,-3.217339964e-05,-0,-0.0003708135015,-0.0001534561618,0.0804084224,1.24042002,0.0002803992675,1,7,0.6203502096,0,71.74641158,71.92767277,0
2020-05-08 00:00:00+00:00,-0.000348830294,0.0002215889573,-0,0,-0,-0,-0,-0,-0.0001272413367,0,1.296273315,-6.843973485e-05,0,7,0.6481024374,0,68.27771387,66.21660205,0
2020-05-09 00:00:00+00:00,8.216650178e-05,0.000716017019,-0,0,-0.0003102474369,-0.0001601277094,-0,-0.0009582866485,-0.0006304782739,0.4,1.717957232,1.37158192e-05,2,9,0.8589854737,0,49.06309405,64.39010892,0
2020-05-10 00:00:00+00:00,-0.0005161425063,0.001294848637,-0,0,-0.0001551206995,-8.006229649e-05,-0,-0.0005110808234,3.244231104e-05,0.2,1.921194274,-0.0005020357488,1,10,0.9603461193,0,42.80107391,45.76220066,0
2020-05-11 00:00:00+00:00,0.001110184088,0.0006624327892,-0,0,-0,-0,-0,-0,0.001772616877,0,1.727096402,0.0006070722326,0,10,0.8638517372,0,48.66634456,41.7793045,0
2020-05-12 00:00:00+00:00,7.390531549e-05,0.0003258102049,-0,0,-0,-0,-0,-0,0.0003997155204,0,1.689754813,0.0006807054596,0,10,0.8452177592,0,49.95728321,46.35038049,0
2020-05-13 00:00:00+00:00,0.0001815544508,0.0001995992619,-0,0,-0,-0,-0,-0,0.0003811537127,0,1.732630992,0.000861931382,0,10,0.8667464619,0,48.49282891,46.3700163,0
2020-05-14 00:00:00+00:00,0.0002076527036,0.0002097171555,-0,0,-0,-0,-0,-0,0.0004173698592,0,1.774976485,0.00106913786,0,10,0.8880228116,0,47.13901258,45.47565694,0
2020-05-15 00:00:00+00:00,4.466905376e-05,0.0002048502893,-0,0,-0,-0,-0,-0,0.000249519343,0,1.793116807,0.001113529066,0,10,0.8971151683,0,46.57564506,44.72162001,0
2020-05-16 00:00:00+00:00,2.944298453e-05,0.0001923783179,-0,0,-0,-0,-0,-0,0.0002218213024,0,1.754759925,0.001142718572,0,10,0.8779513216,0,47.78031494,44.82167933,0
2020-05-17 00:00:00+00:00,2.472748512e-06,0.0001357025534,-0,0,-0,-0,-0,-0,0.0001381753019,0,1.795344313,0.001145033105,0,10,0.8982446732,0,46.49482265,44.73693242,0
2020-05-18 00:00:00+00:00,2.150946975e-05,4.921843425e-05,-0,0,-0,-0,-0,-0,7.072790401e-05,0,1.809837545,0.001166460073,0,10,0.9055020028,0,46.06753299,43.91609357,0
2020-05-19 00:00:00+00:00,-0.0004193206549,0.0003331966857,-0,0,-0,-0,-0,-0,-8.612396917e-05,0,1.867812002,0.0007472037706,0,10,0.9342796031,0,44.34783153,42.26291957,0
2020-05-20 00:00:00+00:00,0.0001230504895,0.0003197105126,-0,0,-0,-0,-0,-0,0.0004427610021,0,1.886132747,0.000869869116,0,10,0.9435013081,0,43.82036257,42.54399094,0
2020-05-21 00:00:00+00:00,0.0004169619589,0.0002046140439,-0,0,-0,-0,-0,-0,0.0006215760028,0,1.87035522,0.001286031708,0,10,0.935820626,0,44.26472048,42.01545434,0
2020-05-22 00:00:00+00:00,-0.0003298823158,0.0002122016541,-0,0,-0,-0,-0,-0,-0.0001176806616,0,1.761170525,0.0009562619262,0,10,0.8810633935,0,47.58028809,42.66712714,0
2020-05-23 00:00:00+00:00,-0.0002937246559,0.0002137522014,-0,0,-0,-0,-0,-0,-7.997245455e-05,0,1.846236553,0.0006625902592,0,10,0.9234495718,0,44.95264664,43.14308673,0
2020-05-24 00:00:00+00:00,0.0003638884835,0.0002825294624,-0,0,-0,-0,-0,-0,0.0006464179459,0,1.824901041,0.001025815637,0,10,0.9129634285,0,45.59905411,43.18099127,0
2020-05-25 00:00:00+00:00,0.0005921884834,0.0001979726344,-0,0,-0,-0,-0,-0,0.0007901611178,0,1.756480018,0.001616726646,0,10,0.8790483724,0,47.75183567,43.42212947,0
2020-05-26 00:00:00+00:00,-0.0008622260164,0.0002102311166,-0,0,-0,-0,-0,-0,-0.0006519948998,0,1.810929071,0.0007549928811,0,10,0.9058420318,0,46.01342304,44.60044834,0
2020-05-27 00:00:00+00:00,0.0001772444673,0.0002016141266,-0,0,-0,-0,-0,-0,0.0003788585939,0,1.788850249,0.000931884296,0,10,0.8948910665,0,46.69581076,44.78876947,0
2020-05-28 00:00:00+00:00,-0.0001958634864,0.0002255355857,-0,0,-0,-0,-0,-0,2.967209935e-05,0,1.824118502,0.000735998971,0,10,0.9124272506,0,45.62322514,44.05959635,0
2020-05-29 00:00:00+00:00,0.0003235163237,0.000297931888,-0,0,-4.976467751e-05,-2.568579613e-05,-0,-0.0001565702728,0.0003894274652,0.06418702135,1.847987795,0.001108506173,1,10,0.9245481508,0,44.95554938,41.66365545,0
2020-05-30 00:00:00+00:00,-0.0001167881161,0.0002527569587,-0,0,-0,-0,-0,-0,0.0001359688425,0,1.85252899,0.0009915832329,0,10,0.9267602866,0,44.82015599,42.71962915,0
2020-05-31 00:00:00+00:00,-0.0001663238505,0.0002441738583,-0,0,-0,-0,-0,-0,7.785000778e-05,0,1.991968738,0.0008251951409,0,10,0.9963969664,0,41.05773039,39.71467376,0
2020-06-01 00:00:00+00:00,0.0001571344105,0.0002742921993,-0,0,-0,-0,-0,-0,0.0004314266097,0,1.907209112,0.000981905931,0,10,0.9540955089,0,43.28646009,38.75257166,0
2020-06-02 00:00:00+00:00,-0.001865007326,0.0002576547747,-0,0,-8.913022155e-05,-4.600267121e-05,-0,-0.0003745458028,-0.002117031247,0.1151914627,1.916316922,-0.0008859999376,1,10,0.9577154608,0,43.06220539,38.65309469,0
2020-06-03 00:00:00+00:00,0.00158780413,0.001334483264,-0,0,-0,-0,-0,-0,0.002922287394,0,1.855822339,0.0006997592948,0,10,0.9282610492,0,44.77908091,40.30764898,0
2020-06-04 00:00:00+00:00,-6.646803567e-05,0.0002167112676,-0,0,-0,-0,-0,-0,0.0001502432319,0,1.905933843,0.0006331961257,0,10,0.9532835196,0,43.36158076,42.06830302,0
2020-06-05 00:00:00+00:00,-0.0002950256013,0.0004313650353,-0,0,-0,-0,-0,-0,0.0001363394341,0,1.917899553,0.0003381244248,0,10,0.9591188387,0,43.01864762,41.2143103,0
2020-06-06 00:00:00+00:00,0.0001538262073,0.0003567170215,-0,0,-0,-0,-0,-0,0.0005105432288,0,1.897226444,0.0004916995982,0,10,0.9488590716,0,43.58720903,41.12973127,0
2020-06-07 00:00:00+00:00,8.335985175e-05,0.0005924871643,-0,0,-0,-0,-0,-0,0.000675847016,0,1.895263231,0.0005746710602,0,10,0.9479189511,0,43.6505441,41.93476201,0
2020-06-08 00:00:00+00:00,0.0001326440128,0.0004099144342,-0,0,-0,-0,-0,-0,0.000542558447,0,1.89259339,0.0007069315213,0,10,0.9466501606,0,43.73764337,42.10182751,0
2020-06-09 00:00:00+00:00,-0.0003840379614,0.0003894408562,-0,0,-0,-0,-0,-0,5.40289476e-06,0,1.909803546,0.0003228918154,0,10,0.955063219,0,43.25313376,42.03117914,0
2020-06-10 00:00:00+00:00,3.473548192e-05,0.0004644602413,-0,0,-0,-0,-0,-0,0.0004991957232,0,1.881742977,0.0003574488604,0,10,0.9410502129,0,44.03807123,41.95329659,0
2020-06-11 00:00:00+00:00,-7.095757711e-05,0.0005553140261,-0,0,-0,-0,-0,-0,0.000484356449,0,1.892600698,0.0002863525865,0,10,0.9464435254,0,43.74073556,42.39187744,0
2020-06-12 00:00:00+00:00,0.0002359081814,0.0006402662586,-0,0,-0,-0,-0,-0,0.00087617444,0,1.724577837,0.0005218035769,0,10,0.8625498201,0,48.91326892,42.40198111,0
2020-06-13 00:00:00+00:00,-4.791708661e-05,0.000274172545,-0,0,-0,-0,-0,-0,0.0002262554584,0,1.777336119,0.0004737792952,0,10,0.8889049492,0,47.18992844,45.23623235,0
2020-06-14 00:00:00+00:00,0.0001146966982,0.0003036864337,-0,0,-0,-0,-0,-0,0.0004183831319,0,1.785528771,0.0005882298879,0,10,0.8930585005,0,46.9315864,45.64464712,0
2020-06-15 00:00:00+00:00,3.669774568e-06,0.000330954552,-0,0,-0,-0,-0,-0,0.0003346243265,0,1.73547178,0.0005917016647,0,10,0.8680317409,0,48.54898145,45.90565379,0
2020-06-16 00:00:00+00:00,0.0002741429251,0.0002654402826,-0,0,-0,-0,-0,-0,0.0005395832077,0,1.729879059,0.0008653776466,0,10,0.8653722186,0,48.74036985,46.87165093,0
2020-06-17 00:00:00+00:00,0.000176954652,0.0002117071403,-0,0,-0.0002955664452,-0.0001525481396,-0,-0.001132521176,-0.001191973969,0.3811867989,1.75630744,0.0009003926902,2,10,0.8786039161,0,47.87373851,46.69373882,0
2020-06-18 00:00:00+00:00,0.0002479964444,0.0003028479384,-0,0,-0,-0,-0,-0,0.0005508443827,0,1.779519119,0.001147756899,0,10,0.8903334381,0,47.11743677,45.34821534,0
2020-06-19 00:00:00+00:00,-0.0004370326425,0.0002508164487,-0,0,-0,-0,-0,-0,-0.0001862161938,0,1.756354523,0.0007108566297,0,10,0.87853269,0,47.85206318,45.5689281,0
2020-06-20 00:00:00+00:00,6.119824898e-05,0.0002570773492,-0,0,-2.897336719e-05,-1.495403778e-05,-0,-6.952253859e-05,0.0002048256546,0.03737384738,1.700796602,0.0007744008551,1,10,0.8507855012,0,49.73469809,46.35842662,0
2020-06-21 00:00:00+00:00,0.0002649082438,0.0003608711202,-0,0,-0,-0,-0,-0,0.000625779364,0,1.702355509,0.001038659127,0,10,0.8516970838,0,49.68511796,48.11149022,0
2020-06-22 00:00:00+00:00,-0.000330334287,0.0002647753108,-0,0,-0,-0,-0,-0,-6.555897626e-05,0,1.687449608,0.0007083712805,0,10,0.8440789895,0,50.20140747,48.24214542,0
2020-06-23 00:00:00+00:00,0.0001971326612,0.0002520592574,-0,0,-0,-0,-0,-0,0.0004491919186,0,1.768111664,0.0009050973793,0,10,0.8845083809,0,47.51599097,46.11810414,0
2020-06-24 00:00:00+00:00,-0.0003256009011,0.0003467249854,-0,0,-0,-0,-0,-0,2.112408432e-05,0,1.791135889,0.0005794842371,0,10,0.8958576867,0,46.76960645,44.92831228,0
2020-06-25 00:00:00+00:00,8.451586313e-05,0.0002715263431,-0,0,-0,-0,-0,-0,0.0003560422062,0,1.73981176,0.0006637637723,0,10,0.8702377619,0,48.41277312,44.36590288,0
2020-06-26 00:00:00+00:00,0.0004062362661,0.0002105374034,-0,0,-0,-0,-0,-0,0.0006167736695,0,1.725696936,0.001069340497,0,10,0.8633831384,0,48.89107021,46.88266024,0
2020-06-27 00:00:00+00:00,-0.0004670788534,0.0002006949502,-0,0,-0,-0,-0,-0,-0.0002663839032,0,1.701358327,0.0006024221195,0,10,0.8509803746,0,49.7119223,47.48548634,0
2020-06-28 00:00:00+00:00,0.0004658623095,0.0003224415175,-0,0,-0,-0,-0,-0,0.0007883038269,0,1.600890319,0.00106744296,0,10,0.8009788809,0,53.43548035,48.42541788,0
2020-06-29 00:00:00+00:00,-5.360446242e-05,0.0001697034419,-0,0,-0,-0,-0,-0,0.0001160989795,0,1.643064491,0.001013720805,0,10,0.8220391057,0,51.82125663,49.92807919,0
2020-06-30 00:00:00+00:00,0.0002382388379,-6.436516446e-05,-0,0,-0.0002863359525,-0.0001477794808,-0,-0.001092207254,-0.001352449014,0.3692788264,1.633286293,0.000829144417,2,10,0.8170577188,0,52.19919586,49.17522087,0
2020-07-01 00:00:00+00:00,-0.0002474608621,0.0002657985312,-0,0,-0,-0,-0,-0,1.83376691e-05,0,1.614353861,0.0005816728883,0,10,0.8074677671,0,52.9125704,50.6946274,0
2020-07-02 00:00:00+00:00,-7.891395003e-05,0.000214344365,-0,0,-0,-0,-0,-0,0.000135430415,0,1.639546575,0.0005026908587,0,10,0.8200246328,0,51.96580456,50.31629412,0
2020-07-03 00:00:00+00:00,9.479875102e-05,0.0002821185057,-0,0,-0,-0,-0,-0,0.0003769172567,0,1.617889124,0.0005972644904,0,10,0.8092431944,0,52.77859922,49.89226036,0
2020-07-04 00:00:00+00:00,-4.154433928e-05,0.0002920539429,-0,0,-0,-0,-0,-0,0.0002505096037,0,1.611456304,0.0005555809728,0,10,0.8060059425,0,53.02122191,50.61064911,0
2020-07-05 00:00:00+00:00,-5.070212476e-05,0.0004624257249,-0,0,-0.0002957571675,-0.0001526476116,-0,-0.001013249656,-0.001049930835,0.3814426207,1.527071735,0.0004272649342,2,10,0.7637494998,0,56.51984381,50.2548301,0
2020-07-06 00:00:00+00:00,-0.0001077696555,0.000315861948,-0,0,-0,-0,-0,-0,0.0002080922925,0,1.527405678,0.0003194288081,0,10,0.7638625535,0,56.49462109,54.64532147,0
2020-07-07 00:00:00+00:00,0.0003044838887,0.0006562896101,-0,0,-5.231810805e-05,-2.700201317e-05,-0,-0.0001489078735,0.0007325455041,0.06742659101,1.557906067,0.0005687253544,1,10,0.7792373963,0,55.26013949,51.01627554,0
2020-07-08 00:00:00+00:00,-0.0003227248172,0.0006796302532,-0,0,-0,-0,-0,-0,0.000356905436,0,1.56205783,0.0002459127695,0,10,0.7811518716,0,55.06730631,52.75157268,0
2020-07-09 00:00:00+00:00,-0.0003200430849,0.0004993086456,-0,0,-0,-0,-0,-0,0.0001792655607,0,1.654330068,-7.411702877e-05,0,10,0.8271279753,0,51.46043498,49.95967191,0
2020-07-10 00:00:00+00:00,7.479351473e-05,0.0009153713969,-0,0,-0,-0,-0,-0,0.0009901649116,0,1.640412344,6.758167888e-07,0,10,0.8202065099,0,51.96218331,48.76555434,0
2020-07-11 00:00:00+00:00,6.1119064e-05,0.0004036949365,-0,0,-0,-0,-0,-0,0.0004648140005,0,1.630404694,6.176617101e-05,0,10,0.8152332303,0,52.34063611,50.27102144,0
2020-07-12 00:00:00+00:00,-0.0001120425391,0.0004340387837,-0,0,-0,-0,-0,-0,0.0003219962445,0,1.663171683,-5.026018454e-05,0,10,0.8315607112,0,51.10085357,48.51331321,0
2020-07-13 00:00:00+00:00,-5.232064013e-05,0.0005246688436,-0,0,-0,-0,-0,-0,0.0004723482034,0,1.683800021,-0.0001025323937,0,10,0.8418487443,0,50.36511988,48.12662457,0
2020-07-14 00:00:00+00:00,8.403838401e-05,0.001480168223,-0,0,-0,-0,-0,-0,0.001564206607,0,1.663610929,-1.84651264e-05,0,10,0.8317962321,0,51.08478487,46.73380058,0
2020-07-15 00:00:00+00:00,0.0001248945177,0.0005174486315,-0,0,-0,-0,-0,-0,0.0006423431491,0,1.697943622,0.0001063610709,0,10,0.8490249913,0,49.85571795,47.87329306,0
2020-07-16 00:00:00+00:00,-0.0002540582389,0.0009615489955,-0,0,-0,-0,-0,-0,0.0007074907566,0,1.700802189,-0.0001475927475,0,10,0.8503272982,0,49.74122245,47.3959524,0
2020-07-17 00:00:00+00:00,3.017906983e-05,0.000358380514,-0,0,-0,-0,-0,-0,0.0003885595839,0,1.687671988,-0.0001173680732,0,10,0.8437773101,0,50.18613174,47.26783055,0
2020-07-18 00:00:00+00:00,0.0002801541152,0.0004191952751,-0,0,-0,-0,-0,-0,0.0006993493903,0,1.698542951,0.0001626722773,0,10,0.8493528114,0,49.80328951,47.66056783,0
2020-07-19 00:00:00+00:00,-7.556466226e-05,0.0003443842447,-0,0,-0,-0,-0,-0,0.0002688195824,0,1.694329777,8.708420508e-05,0,10,0.8472084307,0,49.96194085,47.67794181,0
2020-07-20 00:00:00+00:00,-0.000173015354,0.0004185043054,-0,0,-0,-0,-0,-0,0.0002454889514,0,1.696440235,-8.591005893e-05,0,10,0.8481771625,0,49.89673619,47.57853437,0
2020-07-21 00:00:00+00:00,-0.0001009965181,0.0007636166128,-0,0,-0,-0,-0,-0,0.0006626200947,0,1.63782645,-0.000186782811,0,10,0.8188198336,0,52.02416768,48.46667528,0
2020-07-22 00:00:00+00:00,0.0002745465944,0.0003338887413,-0,0,-0,-0,-0,-0,0.0006084353356,0,1.704207041,8.771041729e-05,0,10,0.852147376,0,49.65225373,48.11370558,0
2020-07-23 00:00:00+00:00,-0.0008279976676,0.0005714768228,-0,0,-0,-0,-0,-0,-0.0002565208448,0,1.754526763,-0.0007404771982,0,10,0.876893143,0,47.99344061,46.61596825,0
2020-07-24 00:00:00+00:00,0.0002166409474,0.001389514772,-0,0,-0,-0,-0,-0,0.00160615572,0,1.760166206,-0.0005229962374,0,10,0.8798216051,0,47.85498188,45.60938391,0
2020-07-25 00:00:00+00:00,0.0002367035527,0.001303626288,-0,0,-0,-0,-0,-0,0.001540329841,0,1.720030606,-0.0002858523778,0,10,0.8598723767,0,49.2233698,46.40740804,0
2020-07-26 00:00:00+00:00,-0.0001743051277,0.001290884696,-0,0,-0,-0,-0,-0,0.001116579568,0,1.804627021,-0.000459644276,0,10,0.9020836882,0,46.54005976,44.98685145,0
2020-07-27 00:00:00+00:00,-0.0002792306124,0.002771923225,-0,0,-0,-0,-0,-0,0.002492692613,0,1.787864524,-0.00073703768,0,10,0.893563743,0,47.08293041,43.96236055,0
2020-07-28 00:00:00+00:00,0.0001690191058,0.002037232454,-0,0,-0,-0,-0,-0,0.00220625156,0,1.816779485,-0.0005667681412,0,10,0.9081063583,0,46.21587052,43.21600031,0
2020-07-29 00:00:00+00:00,0.0001534287771,0.002631432701,-0,0,-0,-0,-0,-0,0.002784861478,0,1.851942759,-0.000412191468,0,10,0.9257652838,0,45.1299467,42.71891005,0
2020-07-30 00:00:00+00:00,-0.0001170429077,0.003042301255,-0,0,-0,-0,-0,-0,0.002925258347,0,1.841483393,-0.000527690744,0,10,0.9204778513,0,45.4408328,42.18221517,0
2020-07-31 00:00:00+00:00,0.0001231598162,0.002101742867,-0,0,-0,-0,-0,-0,0.002224902684,0,1.86548636,-0.0004036328839,0,10,0.9325413635,0,44.7884828,42.63260095,0
2020-08-01 00:00:00+00:00,-1.178737626e-06,0.002137546597,-0,0,-8.201581424e-05,-4.23297796e-05,-0,-5.359180604e-05,0.001958430459,0.1055839527,1.79962603,-0.0004635419535,1,10,0.8995812442,0,46.39123319,41.92516501,0
2020-08-02 00:00:00+00:00,-0.0008116460533,0.001848581094,-0,0,-0,-0,-0,-0,0.00103693504,0,1.96098266,-0.001273867089,0,10,0.9798543962,0,41.82802897,39.86196628,0
2020-08-03 00:00:00+00:00,0.0006032019898,0.002732540074,-0,0,-0,-0,-0,-0,0.003335742064,0,1.813510812,-0.0006684353716,0,10,0.9064211881,0,46.01394685,38.31480762,0
2020-08-04 00:00:00+00:00,-0.0001412121864,0.00129099064,-0,0,-0,-0,-0,-0,0.001149778453,0,1.85067089,-0.0008087177118,0,10,0.9249310861,0,44.91744847,42.29445455,0
2020-08-05 00:00:00+00:00,0.0001235390915,0.001748431858,-0,0,-0,-0,-0,-0,0.001871970949,0,1.874234772,-0.0006838983823,0,10,0.9367754366,0,44.23633216,41.95767581,0
2020-08-06 00:00:00+00:00,0.0002135381709,0.002063784236,-0,0,-0,-0,-0,-0,0.002277322407,0,1.912239414,-0.0004692914834,0,10,0.9558850615,0,43.18544827,40.97745579,0
2020-08-07 00:00:00+00:00,-0.0004797665677,0.00247769308,-0,0,-0,-0,-0,-0,0.001997926513,0,1.93092584,-0.0009471656837,0,10,0.9649893374,0,42.64783356,39.88016585,0
2020-08-08 00:00:00+00:00,0.0006523495163,0.002155537976,-0,0,-0,-0,-0,-0,0.002807887492,0,1.86689147,-0.0002939906746,0,10,0.9332987398,0,44.42697858,40.27883997,0
2020-08-09 00:00:00+00:00,-0.0001671928389,0.001459109566,-0,0,-0,-0,-0,-0,0.001291916727,0,1.931680817,-0.0004605884716,0,10,0.965610114,0,42.63689586,40.89589076,0
2020-08-10 00:00:00+00:00,-5.815868265e-05,0.002010429409,-0,0,-0,-0,-0,-0,0.001952270726,0,1.968419639,-0.0005177363927,0,10,0.9839509512,0,41.6372202,39.0480374,0
2020-08-11 00:00:00+00:00,0.0002044509723,0.002807530908,-0,0,-0,-0,-0,-0,0.00301198188,0,2.038441541,-0.000312344644,0,10,1.019064598,0,38.09436592,37.47491064,0
2020-08-12 00:00:00+00:00,-0.0001773058149,0.002740798912,-1.730560612e-05,0,-0,-0,-0,-0,0.002546187491,0,1.887491229,-0.0004884068835,0,10,0.9435014112,0.01906459816,43.82131022,36.2627997,0
2020-08-13 00:00:00+00:00,-0.000202511542,0.001207437085,-0,0,-0,-0,-0,-0,0.001004925543,0,1.973837775,-0.0006902248009,0,10,0.9865737753,0,41.48093295,39.76286486,0
2020-08-14 00:00:00+00:00,-0.0004809317227,0.001920995528,-0,0,-0,-0,-0,-0,0.001440063806,0,2.010564904,-0.001169472409,0,10,1.004697716,0,40.14210681,38.23068899,0
2020-08-15 00:00:00+00:00,5.923518643e-05,0.003729589381,-3.921442918e-06,0,-0,-0,-0,-0,0.003784903124,0,2.019615308,-0.001106050927,0,10,1.009254629,0.004697715733,39.50533394,37.57143297,0
2020-08-16 00:00:00+00:00,0.0007471425555,0.003053631378,-7.75874715e-06,0,-0,-0,-0,-0,0.003793015187,0,2.056601409,-0.0003575521704,0,10,1.028121928,0.00925462875,36.97210785,35.94299367,0
2020-08-17 00:00:00+00:00,-0.0005854434502,0.002935206407,-2.329913966e-05,0,-0,-0,-0,-0,0.002326463817,0,2.11750856,-0.0009408068674,0,10,1.058283877,0.02812192827,33.4651977,33.92768384,0
2020-08-18 00:00:00+00:00,0.0003016556324,0.002920483093,-4.878068305e-05,0,-0,-0,-0,-0,0.003173358042,0,2.093660804,-0.0006371293953,0,10,1.046511837,0.05828387675,34.75291477,31.1683025,0
2020-08-19 00:00:00+00:00,0.0001909395807,0.003126086281,-4.097498795e-05,0,-0,-0,-0,-0,0.003276050874,0,2.002448974,-0.0004447328472,0,10,1.001002121,0.0465118373,40.70526265,32.6752292,0
2020-08-20 00:00:00+00:00,0.0003144845832,0.0009227665134,-1.018708328e-06,0,-7.37838825e-05,-3.80817136e-05,-0,-0.0002555265965,0.0008688401957,0.09508224106,1.985865591,-0.000112112891,1,10,0.9928767392,0.001002120619,41.20515301,38.82628813,0
2020-08-21 00:00:00+00:00,-0.0002591626812,0.0006208822105,-0,0,-0,-0,-0,-0,0.0003617195294,0,2.077061941,-0.0003711413231,0,10,1.0383454,0,35.67738207,37.54762368,0
2020-08-22 00:00:00+00:00,0.0003490643914,0.001514255708,-3.906655609e-05,0,-0,-0,-0,-0,0.001824253543,0,1.93713893,-2.20367311e-05,0,10,0.9685584464,0.0383453999,42.45105666,32.85408524,0
2020-08-23 00:00:00+00:00,0.0003583487949,0.0006143976593,-0,0,-0,-0,-0,-0,0.0009727464542,0,2.028451066,0.0003359852353,0,10,1.014393526,0,38.7348207,38.73073549,0
2020-08-24 00:00:00+00:00,4.619872713e-06,0.0006975828094,-1.337229742e-05,0,-0,-0,-0,-0,0.0006888303847,0,2.088351109,0.0003403706504,0,10,1.04434574,0.01439352559,34.95088641,35.56353906,0
2020-08-25 00:00:00+00:00,-0.00078494173,0.0007819064442,-3.939966577e-05,0,-0,-0,-0,-0,-4.243495164e-05,0,2.103196408,-0.0004445899458,0,10,1.051375909,0.04434573973,34.1691694,32.71085163,0
2020-08-26 00:00:00+00:00,0.0005861764501,0.0007524376853,-4.369521602e-05,0,-0,-0,-0,-0,0.001294918919,0,1.978313317,0.0001414033984,0,10,0.9892273602,0.05137590907,41.34912785,32.64731515,0
2020-08-27 00:00:00+00:00,-6.097659968e-05,0.0005660541738,-0,0,-0,-0,-0,-0,0.0005050775741,0,1.976714616,8.038619743e-05,0,10,0.9883975011,0,41.39529733,38.65592226,0
2020-08-28 00:00:00+00:00,-0.000373137726,0.001114616571,-0,0,-0,-0,-0,-0,0.0007414788452,0,1.904193529,-0.0002925346203,0,10,0.9519504973,0,43.3401197,39.57711927,0
2020-08-29 00:00:00+00:00,0.0003595203394,0.0005886340548,-0,0,-0,-0,-0,-0,0.0009481543942,0,1.951085205,6.692226644e-05,0,10,0.9755760637,0,42.08848264,39.92787617,0
2020-08-30 00:00:00+00:00,6.64525823e-05,0.001314651935,-0,0,-0,-0,-0,-0,0.001381104518,0,1.972526967,0.0001331908982,0,10,0.9863300788,0,41.52955273,39.27487952,0
2020-08-31 00:00:00+00:00,-0.0003414049945,0.001589187767,-0,0,-0,-0,-0,-0,0.001247782773,0,2.032076916,-0.0002079546141,0,10,1.015934481,0,38.56275762,38.14477888,0
2020-09-01 00:00:00+00:00,0.0002956705697,0.001645560283,-1.102819344e-05,0,-0,-0,-0,-0,0.00193020266,0,1.983019099,8.754697225e-05,0,10,0.9915533232,0.01593448074,41.32618982,36.8119124,0
2020-09-02 00:00:00+00:00,-0.0003934973322,0.002122868661,-0,0,-0,-0,-0,-0,0.001729371329,0,2.073857335,-0.0003054221716,0,10,1.036775956,0,35.9646658,36.7695362,0
2020-09-03 00:00:00+00:00,0.0002593804978,0.001906922853,-2.495519554e-05,0,-0,-0,-0,-0,0.002141348155,0,1.897041549,-4.594329321e-05,0,10,0.9484978027,0.03677595619,43.65880257,34.47072773,0
2020-09-04 00:00:00+00:00,0.0007624630433,0.0005444008308,-0,0,-0,-0,-0,-0,0.001306863874,0,1.532355983,0.0007155845785,0,10,0.766535784,0,56.29555595,42.11969341,0
2020-09-05 00:00:00+00:00,0.0001236743422,0.0003106212428,-0,0,-0,-0,-0,-0,0.000434295585,0,1.627748514,0.0008388945924,0,10,0.8142937042,0,52.42113427,48.93615075,0
2020-09-06 00:00:00+00:00,-0.000267978316,0.0003531459346,-0,0,-0,-0,-0,-0,8.516761858e-05,0,1.52496402,0.000570867657,0,10,0.7627674438,0,56.48807667,49.45598618,0
2020-09-07 00:00:00+00:00,9.989840565e-05,0.0003317913283,-0,0,-0,-0,-0,-0,0.000431689734,0,1.564579212,0.0006704766247,0,10,0.7826248444,0,54.85280106,52.19390672,0
2020-09-08 00:00:00+00:00,-5.473289661e-05,0.0002711324432,-0,0,-0,-0,-0,-0,0.0002163995466,0,1.577391252,0.0006156105103,0,10,0.7890034313,0,54.32612445,51.98538971,0
2020-09-09 00:00:00+00:00,0.0002017771187,0.0003671785804,-0,0,-0,-0,-0,-0,0.0005689556991,0,1.54751318,0.000816922836,0,10,0.7741650515,0,55.53133825,51.96779143,0
2020-09-10 00:00:00+00:00,0.0001070826345,0.0002800863702,-0,0,-0,-0,-0,-0,0.0003871690047,0,1.573134807,0.0009236478627,0,10,0.7870292276,0,54.50099237,51.99386867,0
2020-09-11 00:00:00+00:00,-0.0002721796856,0.0003035642699,-0,0,-0,-0,-0,-0,3.138458424e-05,0,1.62730529,0.0006514477317,0,10,0.8139783687,0,52.38824456,50.21158853,0
2020-09-12 00:00:00+00:00,-2.050761214e-05,0.0003074144516,-0,0,-0,-0,-0,-0,0.0002869068395,0,1.659866219,0.0006307591504,0,10,0.8302484892,0,51.17712112,49.5024601,0
2020-09-13 00:00:00+00:00,-2.804074168e-05,0.0003596008055,-0,0,-0,-0,-0,-0,0.0003315600638,0,1.679841893,0.0006025186376,0,10,0.8402222056,0,50.48265189,48.50674203,0
2020-09-14 00:00:00+00:00,4.852556024e-06,0.0003516937415,-0,0,-0,-0,-0,-0,0.0003565462976,0,1.614773597,0.0006071547149,0,10,0.8076903758,0,52.86673044,48.47643376,0
2020-09-15 00:00:00+00:00,-0.0001482800205,0.0002823025479,-0,0,-0,-0,-0,-0,0.0001340225274,0,1.649472971,0.0004588132031,0,10,0.8249658921,0,51.56625363,49.24574497,0
2020-09-16 00:00:00+00:00,0.0004855167658,-0.0007412067095,-0,0,-0,-0,-0,-0,-0.0002556899437,0,1.594376537,0.0009445714864,0,10,0.7976605545,0,53.67463883,49.10529063,0
2020-09-17 00:00:00+00:00,3.343941864e-05,-0.001261258604,-0,0,-0.0003142398658,-0.0001621799533,-0,-0.002171297769,-0.003875536773,0.4058185054,1.600128761,0.0004599769846,2,10,0.8002943691,0,53.43625092,50.25233189,0
2020-09-18 00:00:00+00:00,-0.0003842095243,0.0001994434185,-0,0,-0,-0,-0,-0,-0.0001847661058,0,1.620310083,7.578146207e-05,0,10,0.8101929321,0,52.69690586,50.31062246,0
2020-09-19 00:00:00+00:00,0.0001178114695,0.0002509833381,-0,0,-0,-0,-0,-0,0.0003687948077,0,1.585515937,0.0001935215618,0,10,0.7928547292,0,54.06300099,50.95995362,0
2020-09-20 00:00:00+00:00,0.0001990563848,0.0002590771011,-0,0,-0,-0,-0,-0,0.0004581334859,0,1.585662687,0.0003923981759,0,10,0.7930275428,0,54.06435335,52.11595117,0
2020-09-21 00:00:00+00:00,9.641389533e-05,0.0002659930611,-0,0,-0,-0,-0,-0,0.0003624069564,0,1.536393937,0.0004886349865,0,10,0.7684412858,0,56.08417802,52.30369814,0
2020-09-22 00:00:00+00:00,-3.014704217e-05,0.0002023995231,-0,0,-0,-0,-0,-0,0.000172252481,0,1.403412773,0.0004584089823,0,10,0.7019355911,0,62.25797911,54.33502605,0
2020-09-23 00:00:00+00:00,0.0003037929626,0.0001173814181,-0,0,-0,-0,-0,-0,0.0004211743808,0,1.450318135,0.0007618810601,0,10,0.725540008,0,59.94115706,58.0750525,0
2020-09-24 00:00:00+00:00,-0.0003924910321,0.0001050080476,-0,0,-0,-0,-0,-0,-0.0002874829845,0,1.35975434,0.0003694962519,0,10,0.6800619182,0,64.51635243,58.35127713,0
2020-09-25 00:00:00+00:00,0.0002821316615,0.000269474962,-0,0,-0,-0,-0,-0,0.0005516066235,0,1.453161599,0.0006512686693,0,10,0.7269064338,0,59.81349617,58.02043254,0
2020-09-26 00:00:00+00:00,-0.0002361071976,0.0002624055103,-0,0,-0,-0,-0,-0,2.629831268e-05,0,1.488768806,0.0004151505539,0,10,0.7445919783,0,58.143411,56.17877755,0
2020-09-27 00:00:00+00:00,6.207904219e-05,0.0003239677424,-0,0,-0,-0,-0,-0,0.0003860467846,0,1.50317219,0.0004770454343,0,10,0.7518246176,0,57.49727525,54.95530223,0
2020-09-28 00:00:00+00:00,2.296982292e-05,0.0003612641121,-0,0,-0,-0,-0,-0,0.000384233935,0,1.512939249,0.0004998232082,0,10,0.7567195363,0,57.07132305,54.82003375,0
2020-09-29 00:00:00+00:00,-0.0001354376274,0.0002593729164,-0,0,-0,-0,-0,-0,0.0001239352891,0,1.514565686,0.0003643404262,0,10,0.7574650132,0,56.98548672,53.11875763,0
2020-09-30 00:00:00+00:00,-5.810144475e-05,0.00028614076,-0,0,-0,-0,-0,-0,0.0002280393153,0,1.557022467,0.0003061691628,0,10,0.778664318,0,55.17180425,53.57855189,0
2020-10-01 00:00:00+00:00,4.00738646e-05,0.0003137933622,-0,0,-0,-0,-0,-0,0.0003538672268,0,1.567180006,0.0003461205467,0,10,0.7837630632,0,54.75023134,52.91865357,0
2020-10-02 00:00:00+00:00,0.0001905353555,0.0002570512098,-0,0,-0,-0,-0,-0,0.0004475865653,0,1.541615832,0.0005364158097,0,10,0.7710761241,0,55.8110752,51.44022179,0
2020-10-03 00:00:00+00:00,0.0002165612173,0.0002295658135,-0,0,-0,-0,-0,-0,0.0004461270308,0,1.488737214,0.0007526412534,0,10,0.7447449275,0,58.13628766,54.1154627,0
2020-10-04 00:00:00+00:00,0.0001093414028,0.000220640517,-0,0,-0,-0,-0,-0,0.0003299819198,0,1.482764634,0.0008616983113,0,10,0.7418131662,0,58.41508803,55.9332492,0
2020-10-05 00:00:00+00:00,-0.000423643184,0.0001969270939,-0,0,-3.787537314e-05,-1.954784445e-05,-0,-0.0001202109484,-0.000404350256,0.04886929442,1.459533395,0.000392559515,1,10,0.7299629773,0,59.50682008,55.59464705,0
2020-10-06 00:00:00+00:00,0.0001871340046,0.0001565268734,-0,0,-4.557556474e-05,-2.352474792e-05,-0,-0.0002188152929,5.57452724e-05,0.0588207302,1.415469531,0.0006957535598,1,10,0.7080826422,0,61.68548848,57.28742296,0
2020-10-07 00:00:00+00:00,6.490906991e-05,0.0001802472678,-0,0,-0,-0,-0,-0,0.0002451563377,0,1.372308145,0.0007604761941,0,10,0.6865343105,0,63.90554263,57.93249502,0
2020-10-08 00:00:00+00:00,-0.0001007675038,0.000152187832,-0,0,-0,-0,-0,-0,5.142032826e-05,0,1.382984768,0.0006596747697,0,10,0.6918222216,0,63.33317025,61.30913705,0
2020-10-09 00:00:00+00:00,-0.0001436375561,0.000233092228,-0,0,-0,-0,-0,-0,8.945467188e-05,0,1.405684028,0.0005159910557,0,10,0.7031000096,0,62.17000093,60.1738949,0
2020-10-10 00:00:00+00:00,2.931502782e-05,0.0002107752056,-0,0,-0,-0,-0,-0,0.0002400902334,0,1.443793188,0.0005451751923,0,10,0.7221691815,0,60.3046328,58.34385662,0
2020-10-11 00:00:00+00:00,-0.0005445653284,0.0002429523626,-0,0,-0,-0,-0,-0,-0.0003016129658,0,1.470503321,6.100479015e-07,0,10,0.7352519654,0,59.0244456,56.20203754,0
2020-10-12 00:00:00+00:00,0.0001808781395,0.0002120342938,-0,0,-0,-0,-0,-0,0.0003929124333,0,1.515239511,0.0001814169064,0,10,0.7577104638,0,57.00150037,54.8660545,0
2020-10-13 00:00:00+00:00,7.762381758e-05,0.0002037585574,-0,0,-0,-0,-0,-0,0.0002813823749,0,1.531059904,0.000258967855,0,10,0.7656594357,0,56.34381459,53.56739451,0
2020-10-14 00:00:00+00:00,0.0001254963767,0.0002292902193,-0,0,-0,-0,-0,-0,0.0003547865961,0,1.530988716,0.0003843278774,0,10,0.7656865219,0,56.33587419,53.80721952,0
2020-10-15 00:00:00+00:00,0.0001279724054,0.0001622872543,-0,0,-0,-0,-0,-0,0.0002902596597,0,1.502395012,0.0005121516258,0,10,0.7514535818,0,57.59613133,54.35079519,0
2020-10-16 00:00:00+00:00,-9.670393374e-05,0.0002306597293,-0,0,-0,-0,-0,-0,0.0001339557956,0,1.49465345,0.0004153920479,0,10,0.747534421,0,57.94028176,55.76314362,0
2020-10-17 00:00:00+00:00,-6.041196782e-06,3.606927545e-05,-0,0,-0,-0,-0,-0,3.002807867e-05,0,1.441349136,0.0004093385595,0,10,0.7208792371,0,60.41927403,55.88038589,0
2020-10-18 00:00:00+00:00,0.0001118424039,5.061178072e-05,-0,0,-9.566020744e-05,-4.937263574e-05,-0,-0.0002534828428,-0.0002360615014,0.123405736,1.32864631,0.000497877827,1,9,0.6645720941,0,66.4066151,57.91662371,0
2020-10-19 00:00:00+00:00,-0.0003977918786,0.0003167173498,-0,0,-0,-0,-0,-0,-8.107452873e-05,0,1.351007215,0.0001000940635,0,9,0.6755536547,0,65.15467903,63.7091034,0
2020-10-20 00:00:00+00:00,6.022999071e-05,0.0002078995156,-0,0,-0,-0,-0,-0,0.0002681295063,0,1.358051617,0.0001602810781,0,9,0.6791059491,0,64.77048098,61.97960122,0
2020-10-21 00:00:00+00:00,7.684892176e-05,0.00030528128,-0,0,-0,-0,-0,-0,0.0003821302017,0,1.285630068,0.0002370394199,0,9,0.6429335539,0,68.95211933,63.2969333,0
2020-10-22 00:00:00+00:00,-0.0002003286209,0.000310256121,-0,0,-0,-0,-0,-0,0.0001099275001,0,1.353888035,3.670676392e-05,0,9,0.676962371,0,65.02794027,61.91916359,0
2020-10-23 00:00:00+00:00,-0.000161411156,0.0006599786029,-0,0,-0.000155077278,-8.00398854e-05,-0,-0.0004435704007,-0.0001801201172,0.2,1.60322621,-0.0001246422495,1,10,0.8015507837,0,53.41371294,59.82328104,0
2020-10-24 00:00:00+00:00,0.0001123511999,0.0007531712932,-0,0,-0,-0,-0,-0,0.0008655224931,0,1.579372034,-1.228042061e-05,0,10,0.7896798769,0,54.36121039,51.49525972,0
2020-10-25 00:00:00+00:00,3.869668562e-05,0.0005678577296,-0,0,-0,-0,-0,-0,0.0006065544152,0,1.596580712,2.640025182e-05,0,10,0.7983035563,0,53.67558579,51.93130526,0
2020-10-26 00:00:00+00:00,-2.874492186e-06,0.0006606188766,-0,0,-0,-0,-0,-0,0.0006577443844,0,1.566014202,2.351029587e-05,0,10,0.7830188559,0,54.90152713,51.96692171,0
2020-10-27 00:00:00+00:00,0.0003158245567,0.0003480687522,-0,0,-0,-0,-0,-0,0.0006638933088,0,1.512472998,0.0003391097199,0,10,0.756406054,0,57.17266574,53.10658127,0
2020-10-28 00:00:00+00:00,-5.538818e-05,0.0002990574675,-0,0,-0,-0,-0,-0,0.0002436692875,0,1.527705442,0.0002836524225,0,10,0.7639945472,0,56.52962401,54.14529691,0
2020-10-29 00:00:00+00:00,3.032995418e-06,0.0003133388304,-0,0,-0,-0,-0,-0,0.0003163718258,0,1.475637499,0.0002865947474,0,10,0.7379620469,0,58.83580123,54.31754027,0
2020-10-30 00:00:00+00:00,0.0001564896603,0.0002011684302,-0,0,-0,-0,-0,-0,0.0003576580905,0,1.448805293,0.0004429259916,0,10,0.7246241093,0,60.1128754,56.78227374,0
2020-10-31 00:00:00+00:00,0.0002903026716,0.0001629810869,-0,0,-0,-0,-0,-0,0.0004532837585,0,1.430419376,0.0007328964531,0,10,0.7155761362,0,61.01115158,57.9206076,0
2020-11-01 00:00:00+00:00,-8.82015955e-05,0.0002076986145,-0,0,-0,-0,-0,-0,0.000119497019,0,1.438273656,0.0006446178277,0,10,0.7194591368,0,60.63103726,57.87268566,0
2020-11-02 00:00:00+00:00,-0.0001130322298,0.0001797869247,-0,0,-0,-0,-0,-0,6.675469493e-05,0,1.46557618,0.0005315501144,0,10,0.7330538651,0,59.33880495,57.70556904,0
2020-11-03 00:00:00+00:00,-6.118847597e-05,0.0003317225298,-0,0,-0,-0,-0,-0,0.0002705340538,0,1.400659577,0.000470234424,0,10,0.7005649059,0,62.51188222,57.121703,0
2020-11-04 00:00:00+00:00,0.0002634763558,0.0001429433638,-0,0,-0,-0,-0,-0,0.0004064197196,0,1.37560292,0.0007334127065,0,10,0.6881681666,0,63.85719494,60.89080029,0
2020-11-05 00:00:00+00:00,-0.0001198740615,0.0001498190739,-0,0,-0,-0,-0,-0,2.994501241e-05,0,1.384333577,0.0006135202731,0,10,0.6924735485,0,63.42891623,61.44717202,0
2020-11-06 00:00:00+00:00,-0.0002141195228,0.0003964485501,-0,0,-0,-0,-0,-0,0.0001823290273,0,1.434823837,0.0003993279412,0,10,0.7176115826,0,60.87588244,58.60738972,0
2020-11-07 00:00:00+00:00,-0.000542138189,0.0007452531413,-0,0,-0,-0,-0,-0,0.0002031149523,0,1.542917158,-0.0001427812468,0,10,0.7713871884,0,55.99493668,54.43569797,0
2020-11-08 00:00:00+00:00,0.0002487260189,0.001243446821,-0,0,-0,-0,-0,-0,0.00149217284,0,1.470230668,0.0001057869197,0,10,0.7351682276,0,59.20733133,52.08818723,0
2020-11-09 00:00:00+00:00,-8.703505977e-05,0.0004954980402,-0,0,-0,-0,-0,-0,0.0004084629804,0,1.530584512,1.874420363e-05,0,10,0.7653016279,0,56.52506203,54.20536522,0
2020-11-10 00:00:00+00:00,0.0001063641764,0.0004885819401,-0,0,-0,-0,-0,-0,0.0005949461165,0,1.515901733,0.0001250339915,0,10,0.7580133834,0,57.14563326,54.27280248,0
2020-11-11 00:00:00+00:00,2.100041179e-05,0.0005282732306,-0,0,-0,-0,-0,-0,0.0005492736424,0,1.526319526,0.0001459542345,0,10,0.7632327399,0,56.70309328,53.95907552,0
2020-11-12 00:00:00+00:00,0.0002891797173,0.0004857706272,-0,0,-0,-0,-0,-0,0.0007749503445,0,1.526065978,0.0004347970057,0,10,0.7632503873,0,56.75554666,53.74239528,0
2020-11-13 00:00:00+00:00,-8.190999175e-07,0.0002395377345,-0,0,-0,-0,-0,-0,0.0002387186346,0,1.535663044,0.0004338743319,0,10,0.768048459,0,56.33610235,53.84132677,0
2020-11-14 00:00:00+00:00,-1.199993571e-06,-0.0004573008777,-0,0,-0.0003146385924,-0.0001623835818,-0,-0.001137836567,-0.002073359613,0.4059818772,1.573325352,-0.0002203083092,2,10,0.786552522,0,54.76535571,53.04194579,0
2020-11-15 00:00:00+00:00,0.0002580841026,0.0005155204157,-0,0,-0,-0,-0,-0,0.0007736045182,0,1.532414946,3.774659237e-05,0,10,0.7662263465,0,56.46043869,53.17305865,0
2020-11-16 00:00:00+00:00,0.0001295817552,0.0006754082732,-0,0,-0,-0,-0,-0,0.0008049900284,0,1.490772728,0.0001671937583,0,10,0.7454699608,0,58.28580591,54.41991498,0
2020-11-17 00:00:00+00:00,8.797400815e-05,0.0004043147742,-0,0,-0,-0,-0,-0,0.0004922887823,0,1.563099123,0.000255042212,0,10,0.7816770826,0,55.15964676,53.23000384,0
2020-11-18 00:00:00+00:00,-0.001012424215,0.00088867679,-0,0,-0,-0,-0,-0,-0.0001237474253,0,1.623240128,-0.000757475739,0,10,0.8112413263,0,52.77172368,50.40373408,0
2020-11-19 00:00:00+00:00,0.00108840735,0.001244077202,-0,0,-0,-0,-0,-0,0.002332484553,0,1.563137615,0.0003301615146,0,10,0.7817338881,0,55.20316316,50.79485813,0
2020-11-20 00:00:00+00:00,-0.0005636068485,0.0006371903787,-0,0,-0,-0,-0,-0,7.358353024e-05,0,1.553354091,-0.0002334281574,0,10,0.7765603314,0,55.57891794,52.95071166,0
2020-11-21 00:00:00+00:00,-3.240961434e-05,0.001497224267,-0,0,-0,-0,-0,-0,0.001464814653,0,1.632622109,-0.0002654489382,0,10,0.8161783302,0,52.48755525,50.23894101,0
2020-11-22 00:00:00+00:00,-0.001314252772,0.001872750596,-0,0,-0,-0,-0,-0,0.0005584978234,0,1.858352518,-0.001578819943,0,10,0.9283868489,0,44.96344377,43.53658814,0
2020-11-23 00:00:00+00:00,0.001040995344,0.002005629366,-0,0,-0,-0,-0,-0,0.003046624711,0,1.799840343,-0.0005361910262,0,10,0.899652076,0,46.78320893,41.71744075,0
2020-11-24 00:00:00+00:00,-0.0003048662407,0.003102409191,-0,0,-9.395760335e-05,-4.84958744e-05,-0,-5.076859273e-05,0.00260432088,0.120926615,1.874086287,-0.0007380869641,1,10,0.9366741,0,44.14627799,39.48956732,0
2020-11-25 00:00:00+00:00,-0.0002951821838,0.00273855981,-0,0,-8.428175685e-05,-4.349933471e-05,-0,-0.0006530469643,0.001662549571,0.1084689394,1.960522269,-0.001088077846,1,10,0.9797170958,0,41.74790676,35.45058842,0
2020-11-26 00:00:00+00:00,0.0007981956802,0.002856201882,-0,0,-0,-0,-0,-0,0.003654397563,0,1.847298295,-0.000288826678,0,10,0.9235047341,0,44.88289724,37.02410879,0
2020-11-27 00:00:00+00:00,0.0005041377366,0.0005215524976,-0,0,-0,-0,-0,-0,0.001025690234,0,1.628335795,0.0002150904424,0,10,0.8142754426,0,52.19923953,42.01133937,0
2020-11-28 00:00:00+00:00,0.000318138141,0.0004340949914,-0,0,-0,-0,-0,-0,0.0007522331324,0,1.669940096,0.0005328277728,0,10,0.8352364617,0,50.6549093,47.68290656,0
2020-11-29 00:00:00+00:00,0.0001154839571,0.0003756755087,-0,0,-0,-0,-0,-0,0.0004911594659,0,1.75894736,0.0006479934618,0,10,0.8797976766,0,47.61298213,44.34116034,0
2020-11-30 00:00:00+00:00,-0.0004536152924,0.0004701958143,-0,0,-0,-0,-0,-0,1.658052186e-05,0,1.770232074,0.0001943749465,0,10,0.8852132244,0,47.28957457,44.77709786,0
2020-12-01 00:00:00+00:00,-0.000776515331,0.0007104482365,-0,0,-7.875930222e-05,-4.065114326e-05,-0,-0.0001712778511,-0.0003567553911,0.1016528769,1.753018202,-0.000508962748,1,10,0.8762546195,0,47.89332677,42.55050278,0
2020-12-02 00:00:00+00:00,0.0007635384818,0.001133884396,-0,0,-0,-0,-0,-0,0.001897422877,0,1.629444524,0.0002540936107,0,10,0.8148493087,0,52.25349461,45.88006984,0
2020-12-03 00:00:00+00:00,-2.887813991e-05,0.0003962116719,-0,0,-0,-0,-0,-0,0.000367333532,0,1.674699763,0.000225132772,0,10,0.837462448,0,50.5868936,48.74923369,0
2020-12-04 00:00:00+00:00,-0.0002155310486,0.000702085876,-0,0,-0,-0,-0,-0,0.0004865548274,0,1.687270753,9.597053875e-06,0,10,0.843640175,0,50.15727713,47.84602331,0
2020-12-05 00:00:00+00:00,0.0002910340972,0.0006103158264,-0,0,-0,-0,-0,-0,0.0009013499236,0,1.543808305,0.0003003604213,0,10,0.7720543325,0,55.67862674,48.02866066,0
2020-12-06 00:00:00+00:00,-0.0001578340204,0.0003797842131,-0,0,-0,-0,-0,-0,0.0002219501927,0,1.623895656,0.0001424947741,0,10,0.8120190755,0,52.47889857,50.92425378,0
2020-12-07 00:00:00+00:00,-0.0001554478225,0.0002881653207,-0,0,-0,-0,-0,-0,0.0001327174981,0,1.626761741,-1.295132953e-05,0,10,0.813374395,0,52.37173814,50.25950736,0
2020-12-08 00:00:00+00:00,1.564985265e-05,0.0005048737392,-0,0,-0,-0,-0,-0,0.0005205235919,0,1.600419644,2.697119211e-06,0,10,0.8002111708,0,53.38268567,50.73888607,0
2020-12-09 00:00:00+00:00,0.0004098758512,0.0004151380871,-0,0,-0,-0,-0,-0,0.0008250139383,0,1.486150729,0.0004122328725,0,10,0.7432814811,0,58.20917245,51.86831316,0
2020-12-10 00:00:00+00:00,0.0002305797134,0.000297024057,-0,0,-0,-0,-0,-0,0.0005276037704,0,1.524260195,0.0006424736144,0,10,0.7624513342,0,56.53885738,54.67992635,0
2020-12-11 00:00:00+00:00,-0.0003263622307,0.0003343724876,-0,0,-0,-0,-0,-0,8.010256947e-06,0,1.470639236,0.0003161088516,0,10,0.7354776726,0,58.93181042,54.98302419,0
2020-12-12 00:00:00+00:00,1.340666305e-07,0.0002604420445,-0,0,-0,-0,-0,-0,0.0002605761112,0,1.435342553,0.0003161605343,0,10,0.7178293566,0,60.60240067,57.1983425,0
2020-12-13 00:00:00+00:00,-0.0001139060302,0.0002152539588,-0,0,-0,-0,-0,-0,0.0001013479286,0,1.500883912,0.0002022340081,0,10,0.750543073,0,57.55317021,55.49048376,0
2020-12-14 00:00:00+00:00,0.0002795178632,0.0002611031278,-0,0,-0,-0,-0,-0,0.000540620991,0,1.556887577,0.0004814915669,0,10,0.7786845343,0,55.16582636,52.90458927,0
2020-12-15 00:00:00+00:00,-2.550333878e-05,0.0002780778352,-0,0,-0,-0,-0,-0,0.0002525744964,0,1.555367437,0.0004558730862,0,10,0.7779116548,0,55.2216739,53.34806304,0
2020-12-16 00:00:00+00:00,-9.763716276e-05,0.0002746426526,-0,0,-0,-0,-0,-0,0.0001770054898,0,1.56865675,0.0003581725249,0,10,0.7845074615,0,54.6696627,52.09206997,0
2020-12-17 00:00:00+00:00,-0.0006029623869,0.0005051283093,-0,0,-0,-0,-0,-0,-9.783407761e-05,0,1.686005798,-0.0002448138131,0,10,0.8428804919,0,50.22316409,48.87007183,0
2020-12-18 00:00:00+00:00,9.314124355e-05,0.001462448532,-0,0,-0,-0,-0,-0,0.001555589776,0,1.660820759,-0.0001514369957,0,10,0.8303346611,0,51.14518619,45.96570057,0
2020-12-19 00:00:00+00:00,-1.163802802e-05,0.001094243252,-0,0,-0,-0,-0,-0,0.001082605224,0,1.67353222,-0.0001628986688,0,10,0.8366846605,0,50.69563574,48.13934455,0
2020-12-20 00:00:00+00:00,0.0001579272307,0.001425920201,-0,0,-0,-0,-0,-0,0.001583847431,0,1.666831027,-4.963576533e-06,0,10,0.8334130318,0,50.94806599,47.84080077,0
2020-12-21 00:00:00+00:00,0.0001368193524,0.001209874211,-0,0,-0,-0,-0,-0,0.001346693564,0,1.638172027,0.0001316784453,0,10,0.8191518525,0,51.98726994,48.12746328,0
2020-12-22 00:00:00+00:00,-0.0001245664913,0.0007634169713,-0,0,-0,-0,-0,-0,0.0006388504801,0,1.549575022,7.107413491e-06,0,10,0.7747910648,0,55.47976933,48.79948094,0
2020-12-23 00:00:00+00:00,0.0002329588133,0.0002975510624,-0,0,-0,-0,-0,-0,0.0005305098757,0,1.557961359,0.0002399389368,0,10,0.7791006492,0,55.17822285,52.72435172,0
2020-12-24 00:00:00+00:00,0.0004800616362,0.0003368286073,-0,0,-0,-0,-0,-0,0.0008168902435,0,1.303059114,0.0007194128916,0,10,0.6518892635,0,67.85686773,53.48264814,0
2020-12-25 00:00:00+00:00,0.0002120035821,0.0001737909184,-0,0,-0,-0,-0,-0,0.0003857945005,0,1.467042094,0.0009310572769,0,10,0.7339865756,0,59.20057225,57.3743507,0
2020-12-26 00:00:00+00:00,-0.0004882071529,0.0002401331382,-0,0,-0,-0,-0,-0,-0.0002480740147,0,1.473407109,0.0004429600108,0,10,0.7369250344,0,58.90921072,55.10208137,0
2020-12-27 00:00:00+00:00,-0.0001816264737,0.0002395721906,-0,0,-0,-0,-0,-0,5.794571693e-05,0,1.470344835,0.0002613183948,0,10,0.7353030768,0,59.06404787,55.67097758,0
2020-12-28 00:00:00+00:00,-0.0002607907764,0.0006082878459,-0,0,-0,-0,-0,-0,0.0003474970695,0,1.488476835,5.27435165e-07,0,10,0.744238681,0,58.29088516,53.35784377,0
2020-12-29 00:00:00+00:00,-0.000352711643,0.0007606346859,-0,0,-0,-0,-0,-0,0.0004079230429,0,1.568572828,-0.0003520406024,0,10,0.7841103935,0,54.8627343,51.47853207,0
2020-12-30 00:00:00+00:00,-0.00017295592,0.0006802479019,-0,0,-0,-0,-0,-0,0.0005072919819,0,1.549507441,-0.0005247303309,0,10,0.7744913553,0,55.65743969,51.72443876,0
2020-12-31 00:00:00+00:00,0.0003012998856,0.0006165224705,-0,0,-0,-0,-0,-0,0.0009178223562,0,1.528191628,-0.0002232255638,0,10,0.7639842012,0,56.61278419,53.02965296,0
