lookbacks,long_flat,cost_x,2022+,full
[112],False,1,0.36,0.56
[112],False,2,0.31,0.52
[112],True,1,0.28,0.67
[112],True,2,0.24,0.65
[14],False,1,0.59,0.86
[14],False,2,0.46,0.75
[14],True,1,0.41,0.9
[14],True,2,0.32,0.82
[28],False,1,0.63,1.03
[28],False,2,0.53,0.95
[28],True,1,0.44,0.99
[28],True,2,0.38,0.94
[56],False,1,0.21,0.48
[56],False,2,0.13,0.41
[56],True,1,0.14,0.6
[56],True,2,0.09,0.56
"[7, 14, 28, 56, 112]",False,1,0.64,0.99
"[7, 14, 28, 56, 112]",False,2,0.52,0.89
"[7, 14, 28, 56, 112]",True,1,0.74,1.2
"[7, 14, 28, 56, 112]",True,2,0.66,1.14
[7],False,1,0.51,0.72
[7],False,2,0.34,0.56
[7],True,1,0.38,0.82
[7],True,2,0.25,0.72
