symbol,horizon_h,bucket,N,mean_ret,carry,hit,sharpe_ann
ETHUSDT,8,all,5459,-0.00041453683368441525,6.548198067411615e-05,0.4876350980032973,-0.6430655596945406
ETHUSDT,8,fund_z>=1,767,0.0005841299965692091,0.00015097417372881357,0.5123859191655802,0.9710384287365523
ETHUSDT,8,fund_z>=2,133,-0.00027992542770977454,0.00034361624060150377,0.47368421052631576,-0.4714642083122978
ETHUSDT,8,fund_z>=2 & bear,17,-0.0008442789470314136,0.0002304021323529412,0.4117647058823529,-1.8132684090972218
ETHUSDT,8,fund_z>=1 & bear,221,0.0020933274106754805,8.821992081447964e-05,0.5067873303167421,3.591651293058175
ETHUSDT,8,fund_z<=-1 (ctrl),840,-0.001485494984461461,-1.746863244047619e-05,0.4666666666666667,-1.9010092373147272
ETHUSDT,24,all,1819,-0.000660876522606558,0.00019646090503023644,0.4936778449697636,-0.3388872401860892
ETHUSDT,24,fund_z>=1,232,0.004036033712415928,0.00044646075969827584,0.5258620689655172,2.3797734892476132
ETHUSDT,24,fund_z>=2,47,0.0001286637023097871,0.0009575088031914895,0.5319148936170213,0.0895094226904824
ETHUSDT,24,fund_z>=2 & bear,5,,,,
ETHUSDT,24,fund_z>=1 & bear,61,0.003904508011109862,0.00024041534836065576,0.5409836065573771,1.801249673046981
ETHUSDT,24,fund_z<=-1 (ctrl),280,-0.00317839441690665,2.291075892857146e-06,0.45,-1.4078600449642396
ETHUSDT,72,all,606,-0.00131192753793511,0.0005893592471122114,0.49174917491749176,-0.22947082189273174
ETHUSDT,72,fund_z>=1,79,0.0068554705064181095,0.0011689193196202533,0.4810126582278481,1.1694664959399677
ETHUSDT,72,fund_z>=2,14,0.007182993691490858,0.002583202589285714,0.5,1.4800145238543485
ETHUSDT,72,fund_z>=2 & bear,2,,,,
ETHUSDT,72,fund_z>=1 & bear,22,0.014893106258420002,0.0006773869886363636,0.4090909090909091,2.0109403643733383
ETHUSDT,72,fund_z<=-1 (ctrl),97,-0.007396950940476247,0.00015766599226804125,0.4742268041237113,-1.1229900497752958
SOLUSDT,8,all,5459,-0.0010282097647738094,1.6152333073823046e-05,0.49661110093423705,-1.1102930051156743
SOLUSDT,8,fund_z>=1,651,-0.002657284685400112,0.000190457876344086,0.4930875576036866,-2.7757771635276134
SOLUSDT,8,fund_z>=2,119,-0.0069248838209581545,0.0004407464705882353,0.4789915966386555,-5.906910843054015
SOLUSDT,8,fund_z>=2 & bear,20,-0.010556344128757783,0.0003744220625,0.55,-11.032156147360189
SOLUSDT,8,fund_z>=1 & bear,161,-0.00030088666159303865,0.00012901819099378882,0.4906832298136646,-0.37294206716464606
SOLUSDT,8,fund_z<=-1 (ctrl),744,0.000575168773201803,-0.0002516526831317204,0.5,0.5260212137730936
SOLUSDT,24,all,1819,-0.002313937526041236,4.8512962479384264e-05,0.5096206706981858,-0.8262931955162047
SOLUSDT,24,fund_z>=1,192,-0.007168911678712593,0.000543442578125,0.5052083333333334,-2.4350506624349375
SOLUSDT,24,fund_z>=2,39,-0.020114437187421595,0.0011920905448717949,0.5128205128205128,-5.269983853067601
SOLUSDT,24,fund_z>=2 & bear,4,,,,
SOLUSDT,24,fund_z>=1 & bear,49,-0.008068761134568378,0.0002998192857142857,0.4489795918367347,-3.009482179377264
SOLUSDT,24,fund_z<=-1 (ctrl),243,0.004983488701613566,-0.0006095842541152264,0.5308641975308642,1.561491811317718
SOLUSDT,72,all,606,-0.0061487384298760895,0.00014574018770627064,0.5082508250825083,-0.734395742144307
SOLUSDT,72,fund_z>=1,67,-0.012561214725948492,0.0012697624440298507,0.4626865671641791,-1.2857704464952249
SOLUSDT,72,fund_z>=2,12,-0.050464095150888566,0.003189784479166666,0.5,-5.059864173621076
SOLUSDT,72,fund_z>=2 & bear,1,,,,
SOLUSDT,72,fund_z>=1 & bear,17,0.000541752927325966,0.0006729697058823529,0.47058823529411764,0.043424177269696516
SOLUSDT,72,fund_z<=-1 (ctrl),82,-0.007784392812889871,-0.0010078503658536586,0.5,-1.0102102998735192
AVAXUSDT,8,all,5459,-0.0009055750411188173,4.4216459974354285e-05,0.49990840813335774,-0.9685629603275666
AVAXUSDT,8,fund_z>=1,625,-0.0022118456329831312,0.00020618894,0.5168,-2.1754164372391136
AVAXUSDT,8,fund_z>=2,146,-7.477610845241274e-05,0.0004531055136986301,0.5616438356164384,-0.05654224307932102
AVAXUSDT,8,fund_z>=2 & bear,28,0.0015474582170880039,0.0004073410267857144,0.5,1.6327015421397204
AVAXUSDT,8,fund_z>=1 & bear,196,0.0011393741030279294,0.00013367223214285717,0.5408163265306123,1.6261776937296193
AVAXUSDT,8,fund_z<=-1 (ctrl),745,2.4220045826420514e-05,-0.00011439520973154363,0.4966442953020134,0.024542634379582956
AVAXUSDT,24,all,1819,-0.0016385498828675057,0.0001326592138537658,0.5041231445849368,-0.5594298325329553
AVAXUSDT,24,fund_z>=1,197,-0.007168310432520499,0.0006223274682741118,0.4619289340101523,-2.461513144397875
AVAXUSDT,24,fund_z>=2,51,-0.004659476919464826,0.0011387240196078432,0.5490196078431373,-1.1816524873890732
AVAXUSDT,24,fund_z>=2 & bear,15,0.014629951599041143,0.0009844551666666668,0.5333333333333333,6.509771186607922
AVAXUSDT,24,fund_z>=1 & bear,59,0.003140100567301749,0.00039307010593220336,0.5423728813559322,1.3959991517926376
AVAXUSDT,24,fund_z<=-1 (ctrl),252,-0.004605655701032292,-0.0002424643601190476,0.46825396825396826,-1.453399597728494
AVAXUSDT,72,all,606,-0.003781253440057546,0.0003978504022277228,0.5313531353135313,-0.4202922225046619
AVAXUSDT,72,fund_z>=1,57,-0.026198958123944845,0.0018782087938596494,0.43859649122807015,-1.9507517386659488
AVAXUSDT,72,fund_z>=2,16,-0.03630193520523913,0.00211184203125,0.5625,-1.622815596509787
AVAXUSDT,72,fund_z>=2 & bear,5,,,,
AVAXUSDT,72,fund_z>=1 & bear,13,-0.009752000245455032,0.00184666,0.5384615384615384,-2.0890168036605687
AVAXUSDT,72,fund_z<=-1 (ctrl),87,-0.014146928769461012,-0.000246309841954023,0.45977011494252873,-1.5809869057417532
LINKUSDT,8,all,5459,-0.000689649653922173,8.475597705623741e-05,0.4907492214691335,-0.8110563731027434
LINKUSDT,8,fund_z>=1,428,-0.0012270515518041899,0.00025141182827102804,0.4883177570093458,-1.259573608168786
LINKUSDT,8,fund_z>=2,126,-0.0032880664294128673,0.0004321025892857143,0.47619047619047616,-3.3219500492640988
LINKUSDT,8,fund_z>=2 & bear,12,-0.021445615867521764,0.0004557928125,0.16666666666666666,-26.31499672574525
LINKUSDT,8,fund_z>=1 & bear,96,-0.0045713386732355605,0.00016969139322916668,0.3854166666666667,-4.759822229373358
LINKUSDT,8,fund_z<=-1 (ctrl),707,-0.000103202901561208,-9.700380127298442e-06,0.49929278642149927,-0.12045563243864245
LINKUSDT,24,all,1819,-0.0008368564909520486,0.0002543291135239142,0.5013743815283123,-0.333344313927021
LINKUSDT,24,fund_z>=1,134,-0.0015645480087179144,0.0006997047201492538,0.5074626865671642,-0.5654256134633954
LINKUSDT,24,fund_z>=2,38,0.001972247239229658,0.001178092631578947,0.5526315789473685,0.6878611654855808
LINKUSDT,24,fund_z>=2 & bear,3,,,,
LINKUSDT,24,fund_z>=1 & bear,30,-0.0058811475852524825,0.0003906302916666668,0.4,-2.5098156084178176
LINKUSDT,24,fund_z<=-1 (ctrl),251,0.001013554954107017,5.329521912350598e-05,0.545816733067729,0.34695560286538335
LINKUSDT,72,all,606,-0.0010316857104966683,0.0007632588634488449,0.4900990099009901,-0.14377094330263782
LINKUSDT,72,fund_z>=1,45,0.004072420882747054,0.0020265246944444443,0.5777777777777777,0.4834989743940583
LINKUSDT,72,fund_z>=2,13,0.041679537574480646,0.0030906340384615383,0.8461538461538461,5.449800634755113
LINKUSDT,72,fund_z>=2 & bear,0,,,,
LINKUSDT,72,fund_z>=1 & bear,5,,,,
LINKUSDT,72,fund_z<=-1 (ctrl),86,-0.00590249753777826,0.00039592636627906985,0.5232558139534884,-0.9515228852156161
DOTUSDT,8,all,5459,-0.00032717560765997027,6.6367203242352125e-06,0.4911155889357025,-0.4005166140489398
DOTUSDT,8,fund_z>=1,609,-0.0010143441672883973,0.00015654691297208538,0.49261083743842365,-1.1166289999722112
DOTUSDT,8,fund_z>=2,125,-0.005667497652954429,0.00037890536000000004,0.472,-5.3878592504513545
DOTUSDT,8,fund_z>=2 & bear,16,-0.006185315945676633,0.00024723546875,0.5,-11.498775370329637
DOTUSDT,8,fund_z>=1 & bear,171,-0.00021844668159990953,6.172061403508772e-05,0.49707602339181284,-0.24216758757465076
DOTUSDT,8,fund_z<=-1 (ctrl),712,-0.0007382065019683968,-0.0001671236095505618,0.4803370786516854,-0.8499641790051385
DOTUSDT,24,all,1819,4.3894511188556285e-05,1.9934796591533797e-05,0.5101704233095107,0.01814174599386663
DOTUSDT,24,fund_z>=1,203,-0.0031852430545505858,0.00038638866995073886,0.49261083743842365,-1.2003844792463756
DOTUSDT,24,fund_z>=2,39,-0.005230591415216279,0.0009236813782051283,0.46153846153846156,-1.7097960659691636
DOTUSDT,24,fund_z>=2 & bear,3,,,,
DOTUSDT,24,fund_z>=1 & bear,57,-0.0008142005851498548,-2.6360570175438597e-05,0.5614035087719298,-0.28012875136304405
DOTUSDT,24,fund_z<=-1 (ctrl),244,-0.0022930298513983705,-0.00037945720286885245,0.5,-0.8305859887135576
DOTUSDT,72,all,606,0.0010822088089038112,5.9723562293729404e-05,0.5478547854785478,0.14665128234847996
DOTUSDT,72,fund_z>=1,67,0.012923165021533482,0.0008533600746268656,0.5970149253731343,2.035534866680783
DOTUSDT,72,fund_z>=2,9,,,,
DOTUSDT,72,fund_z>=2 & bear,0,,,,
DOTUSDT,72,fund_z>=1 & bear,17,0.02981907148005265,-0.00027714323529411767,0.8235294117647058,4.176843921541314
DOTUSDT,72,fund_z<=-1 (ctrl),86,-0.0032040034577579517,-0.0008132584883720931,0.5465116279069767,-0.38068171495504544
