symbol,cond,geom,N,win,mean_ret,sharpe_ann,avg_hold_h,timeout_frac
ETHUSDT,all,symmetric_2_1_t24,6135,0.34441727791361043,-0.0003077476319223668,-0.7379289472571373,6.116381418092909,0.025753871230643845
ETHUSDT,all,flipped_1_2_t24,6013,0.6555795775819059,-0.0003690743623104687,-0.8580825180854686,6.260602028937303,0.028438383502411443
ETHUSDT,all,flipped_1_2_t12,6895,0.6319071791153009,-0.00033093328999117007,-0.9127276290031834,5.331979695431472,0.11689630166787528
ETHUSDT,all,tight_1_1_t12,9663,0.4904274034978785,-0.0004964948535452832,-2.211787247177657,3.5181620614715925,0.025975369967918865
ETHUSDT,all,fast_15_1_t8,8474,0.4132641019589332,-0.00040187047210958225,-1.4519461885022797,4.152112343639367,0.14302572574935096
ETHUSDT,all,fast_1_15_t8,8392,0.5610104861773118,-0.000490943837884779,-1.76854383099502,4.202454718779791,0.1472831267874166
ETHUSDT,bear,symmetric_2_1_t24,3324,0.34957882069795426,-0.00019514354912932727,-0.42845863314682636,6.16546329723225,0.02918170878459687
ETHUSDT,bear,flipped_1_2_t24,3337,0.6550794126460893,-0.000325564817849684,-0.6896208218164291,6.375187293976626,0.0332634102487264
ETHUSDT,bear,flipped_1_2_t12,3827,0.6289521818656911,-0.00031586803720519565,-0.8013713728657853,5.382022471910112,0.12699242226286908
ETHUSDT,bear,tight_1_1_t12,5193,0.48931253610629694,-0.0005075572398144048,-2.06211940017125,3.5534373194685154,0.03004043905257077
ETHUSDT,bear,fast_15_1_t8,4584,0.4142670157068063,-0.0003739316851295704,-1.237662480658561,4.1540139616055844,0.14834205933682373
ETHUSDT,bear,fast_1_15_t8,4567,0.5614188745347055,-0.0004517653856294365,-1.4889630769352191,4.240858331508649,0.154587256404642
ETHUSDT,reversion,symmetric_2_1_t24,2530,0.3391304347826087,-0.0003823637894970993,-1.027102622058041,6.0810276679841895,0.020553359683794466
ETHUSDT,reversion,flipped_1_2_t24,2435,0.6525667351129364,-0.0006159720237440423,-1.6333763001897437,6.061601642710472,0.022587268993839837
ETHUSDT,reversion,flipped_1_2_t12,2742,0.6254558716265499,-0.0005923633383409328,-1.8177837938913792,5.267687819110138,0.10649161196207148
ETHUSDT,reversion,tight_1_1_t12,3854,0.48806434872859367,-0.0005184904410942328,-2.614567301041881,3.4366891541255837,0.019200830306175403
ETHUSDT,reversion,fast_15_1_t8,3420,0.41345029239766085,-0.00041050852285260406,-1.6852842174788945,4.1002923976608185,0.13596491228070176
ETHUSDT,reversion,fast_1_15_t8,3350,0.557910447761194,-0.0006273988383065246,-2.5443061870472143,4.117910447761194,0.1355223880597015
ETHUSDT,down_cusum,symmetric_2_1_t24,3973,0.35539894286433427,-0.0001115586129133777,-0.2825358294861018,5.6169141706519,0.018122325698464635
ETHUSDT,down_cusum,flipped_1_2_t24,3939,0.6580350342726581,-0.0004651566367159209,-1.1554370971671264,5.812135059659812,0.02614876872302615
ETHUSDT,down_cusum,flipped_1_2_t12,4223,0.6341463414634146,-0.0004609532798916081,-1.2943483940462632,5.146578261899124,0.10371773620648828
ETHUSDT,down_cusum,tight_1_1_t12,5160,0.4941860465116279,-0.0006409423360302948,-3.0495390564217093,3.2511627906976743,0.01937984496124031
ETHUSDT,down_cusum,fast_15_1_t8,4815,0.41869158878504675,-0.0003551465781601639,-1.3378798053306018,3.8666666666666667,0.11235721703011423
ETHUSDT,down_cusum,fast_1_15_t8,4771,0.5696918884929784,-0.000444681574094447,-1.6567962293090535,3.9712848459442465,0.12743659610144623
SOLUSDT,all,symmetric_2_1_t24,6149,0.3540413075296796,-0.00010301138514726432,-0.1590025353312998,6.10034151894617,0.02536997885835095
SOLUSDT,all,flipped_1_2_t24,6154,0.6623334416639584,-0.00046236337608379543,-0.6981215217993844,6.0945726356841075,0.026811829704257394
SOLUSDT,all,flipped_1_2_t12,6885,0.6371822803195353,-0.00041020274764622946,-0.7183004711342742,5.341321713870734,0.1064633260711692
SOLUSDT,all,tight_1_1_t12,9821,0.5018837185622645,-0.000436209554723862,-1.2676128907226387,3.445575806944303,0.020262702372467162
SOLUSDT,all,fast_15_1_t8,8431,0.42213260585932866,-0.00039948185545241396,-0.9316134967606594,4.1785078875578225,0.13153837030008303
SOLUSDT,all,fast_1_15_t8,8539,0.5757114416207987,-0.0004973283016246622,-1.1574115937519138,4.113010891205059,0.1276496076823984
SOLUSDT,bear,symmetric_2_1_t24,3344,0.3663277511961722,0.00044299331691169484,0.6589359133658895,6.117224880382775,0.026913875598086126
SOLUSDT,bear,flipped_1_2_t24,3397,0.6729467176920813,-0.0001525181590943817,-0.2224931121595369,6.230791875183986,0.028260229614365615
SOLUSDT,bear,flipped_1_2_t12,3808,0.6449579831932774,-9.505112007535509e-05,-0.1644885637167295,5.413865546218488,0.11764705882352941
SOLUSDT,bear,tight_1_1_t12,5278,0.5039787798408488,-0.0004022360551908877,-1.139500074503738,3.4863584691170897,0.024630541871921183
SOLUSDT,bear,fast_15_1_t8,4580,0.4294759825327511,-0.00011067999376904369,-0.2519258722157762,4.162882096069869,0.1316593886462882
SOLUSDT,bear,fast_1_15_t8,4644,0.5734280792420328,-0.0004617023321262373,-1.0517629815064125,4.163221360895779,0.13458225667527993
SOLUSDT,reversion,symmetric_2_1_t24,2561,0.3350253807106599,-0.000997285505081407,-1.6117976362174589,6.057399453338539,0.022647403358063256
SOLUSDT,reversion,flipped_1_2_t24,2497,0.6511814177012415,-0.0008390779551557884,-1.309966447055243,5.91910292350821,0.024829795754905886
SOLUSDT,reversion,flipped_1_2_t12,2750,0.6316363636363637,-0.0007257203212750723,-1.268536240522168,5.2727272727272725,0.09563636363636363
SOLUSDT,reversion,tight_1_1_t12,3896,0.49460985626283366,-0.0005723494756749657,-1.684550948289155,3.3978439425051334,0.014373716632443531
SOLUSDT,reversion,fast_15_1_t8,3387,0.40803070563920874,-0.0008922243605795554,-2.1212853273441716,4.1541186891054025,0.12636551520519634
SOLUSDT,reversion,fast_1_15_t8,3416,0.572599531615925,-0.0008233442056767635,-1.9389533829239103,4.024590163934427,0.11651053864168619
SOLUSDT,down_cusum,symmetric_2_1_t24,4074,0.35125184094256257,-0.000272256403626236,-0.4487570203008539,5.7793323514973,0.019882179675994108
SOLUSDT,down_cusum,flipped_1_2_t24,4075,0.660122699386503,-0.0005793188864932046,-0.9138927028324259,5.842699386503067,0.024049079754601226
SOLUSDT,down_cusum,flipped_1_2_t12,4376,0.6419104204753199,-0.0004481452015352353,-0.8148664148502117,5.15790676416819,0.1003199268738574
SOLUSDT,down_cusum,tight_1_1_t12,5381,0.5032521836089946,-0.0005369195300421669,-1.6454092454420082,3.2382456792417766,0.01821222821036982
SOLUSDT,down_cusum,fast_15_1_t8,4944,0.42354368932038833,-0.00031212966988762326,-0.7615343945698443,3.9797734627831716,0.11974110032362459
SOLUSDT,down_cusum,fast_1_15_t8,4979,0.5820445872665194,-0.0004414063099663237,-1.0723186018934447,3.9449688692508538,0.1174934725848564
AVAXUSDT,all,symmetric_2_1_t24,6099,0.35284472864404,-0.0004349333265262857,-0.6714607143626238,6.158058698147237,0.024758157074930315
AVAXUSDT,all,flipped_1_2_t24,6232,0.6675224646983312,-0.0004815714212326569,-0.741163047522113,6.005295250320924,0.02358793324775353
AVAXUSDT,all,flipped_1_2_t12,6981,0.6418851167454519,-0.0005219118446444023,-0.918068037465937,5.253688583297522,0.10328033233061167
AVAXUSDT,all,tight_1_1_t12,9837,0.5063535630781743,-0.0005167339705621494,-1.5105881352942254,3.438040052861645,0.022669513062925688
AVAXUSDT,all,fast_15_1_t8,8484,0.42727487034417727,-0.0003913159853697518,-0.9055740103031927,4.145921735030646,0.1304809052333805
AVAXUSDT,all,fast_1_15_t8,8454,0.5781878400757038,-0.0006135445180848007,-1.4225059504122308,4.16406434823752,0.12810503903477644
AVAXUSDT,bear,symmetric_2_1_t24,3451,0.3616343088959722,-0.00011149446037634486,-0.17237269276894607,6.369747899159663,0.029266879165459288
AVAXUSDT,bear,flipped_1_2_t24,3603,0.671940049958368,-0.0002615361355858576,-0.405675846657838,6.302803219539273,0.03025256730502359
AVAXUSDT,bear,flipped_1_2_t12,4068,0.6428220255653884,-0.00024413072317613926,-0.4403226745836571,5.428466076696165,0.11799410029498525
AVAXUSDT,bear,tight_1_1_t12,5595,0.5109919571045577,-0.0004081348092091265,-1.211094132773917,3.534048257372654,0.02680965147453083
AVAXUSDT,bear,fast_15_1_t8,4847,0.43676500928409323,-9.873822408399245e-05,-0.2321585449687582,4.227769754487312,0.1398803383536208
AVAXUSDT,bear,fast_1_15_t8,4887,0.5842029875179047,-0.00037594228719141734,-0.8960268616891607,4.256189891549008,0.13934929404542665
AVAXUSDT,reversion,symmetric_2_1_t24,2433,0.3362104397862721,-0.001005739623627779,-1.542302347999002,5.822441430332923,0.01726263871763255
AVAXUSDT,reversion,flipped_1_2_t24,2386,0.6529756915339481,-0.0011826873795534843,-1.7901366385561497,5.592204526404023,0.015088013411567477
AVAXUSDT,reversion,flipped_1_2_t12,2614,0.6346595256312165,-0.0011639615253582942,-1.9698189340164716,5.015302218821729,0.07880642693190512
AVAXUSDT,reversion,tight_1_1_t12,3646,0.4923203510696654,-0.0008407655613650695,-2.390492209421863,3.2882611080636313,0.014536478332419089
AVAXUSDT,reversion,fast_15_1_t8,3206,0.41328758577666874,-0.000673535275149452,-1.519687288427187,3.989394884591391,0.11447286338116032
AVAXUSDT,reversion,fast_1_15_t8,3120,0.5685897435897436,-0.001071777837757103,-2.379124255264496,4.044551282051282,0.10897435897435898
AVAXUSDT,down_cusum,symmetric_2_1_t24,4051,0.3522587015551716,-0.0005190357478214271,-0.8545653133218306,5.8407800543075785,0.02196988397926438
AVAXUSDT,down_cusum,flipped_1_2_t24,4114,0.667963052989791,-0.0005620786668602005,-0.9076268520518529,5.811375789985416,0.02066115702479339
AVAXUSDT,down_cusum,flipped_1_2_t12,4406,0.6420789832047208,-0.0006093098250391701,-1.1081085248534854,5.142305946436677,0.09827507943713118
AVAXUSDT,down_cusum,tight_1_1_t12,5377,0.50437046680305,-0.0006197352421807008,-1.8999959082977858,3.29737771991817,0.017853821833736284
AVAXUSDT,down_cusum,fast_15_1_t8,4941,0.4256223436551305,-0.00037833518463372453,-0.9141763709326188,3.996964177292046,0.11273021655535317
AVAXUSDT,down_cusum,fast_1_15_t8,4971,0.5821766244216455,-0.0005273916324102946,-1.2804082766791038,4.020519010259505,0.11627439147052906
LINKUSDT,all,symmetric_2_1_t24,6111,0.3475699558173785,-0.00045696610851001017,-0.7824720052095714,6.14416625756832,0.022254950090001637
LINKUSDT,all,flipped_1_2_t24,6072,0.663866930171278,-0.0005070213705673706,-0.8699537847501486,6.190052700922267,0.024703557312252964
LINKUSDT,all,flipped_1_2_t12,6818,0.6384570255206805,-0.0005630004445220997,-1.1093060607950007,5.403344089175711,0.1116163097682605
LINKUSDT,all,tight_1_1_t12,9797,0.5035214861692355,-0.0005627726208997317,-1.8331797484741634,3.456364193120343,0.024191078901704605
LINKUSDT,all,fast_15_1_t8,8422,0.4248397055331275,-0.0004720036372202169,-1.2178099040112496,4.1839230586559015,0.1266919971503206
LINKUSDT,all,fast_1_15_t8,8497,0.5800870895610215,-0.0005191070855484912,-1.355684043739326,4.1381664116747086,0.12898670118865482
LINKUSDT,bear,symmetric_2_1_t24,3377,0.36037903464613563,-0.00015534641123051245,-0.2528050861836356,6.336097127628072,0.026650873556411016
LINKUSDT,bear,flipped_1_2_t24,3480,0.6672413793103448,-0.00032431006792711035,-0.5402753042509739,6.37816091954023,0.03074712643678161
LINKUSDT,bear,flipped_1_2_t12,3925,0.6384713375796178,-0.00043082935713132097,-0.8345305072981266,5.497579617834395,0.12254777070063694
LINKUSDT,bear,tight_1_1_t12,5414,0.5077576653121537,-0.0005163613248676519,-1.6211571790774972,3.5570742519394165,0.027890653860362026
LINKUSDT,bear,fast_15_1_t8,4693,0.43255913062007245,-0.00031110375945736263,-0.7749211801429186,4.268271894310676,0.13466865544427872
LINKUSDT,bear,fast_1_15_t8,4780,0.5765690376569038,-0.0006007873175251965,-1.5260822377882322,4.229916317991632,0.13640167364016736
LINKUSDT,reversion,symmetric_2_1_t24,2493,0.33373445647813876,-0.0006610886025735115,-1.211391048313654,5.871239470517449,0.0152426795026073
LINKUSDT,reversion,flipped_1_2_t24,2405,0.6611226611226612,-0.00041466715189087387,-0.7563773258160752,5.77006237006237,0.014137214137214138
LINKUSDT,reversion,flipped_1_2_t12,2653,0.6407840180927252,-0.0005486677130289403,-1.126364644871899,5.14361100640784,0.08970976253298153
LINKUSDT,reversion,tight_1_1_t12,3750,0.5021333333333333,-0.00041355996813110363,-1.4109051565446087,3.3058666666666667,0.0168
LINKUSDT,reversion,fast_15_1_t8,3287,0.418314572558564,-0.0004711064528145926,-1.2774773592196746,4.042592029205963,0.1146942500760572
LINKUSDT,reversion,fast_1_15_t8,3253,0.588072548416846,-0.0003096207674257408,-0.8408010493587414,3.971103596679988,0.11435597909621888
LINKUSDT,down_cusum,symmetric_2_1_t24,4091,0.3390369102908824,-0.0007939120184942146,-1.4535575873479758,5.7345392324615005,0.02004399902224395
LINKUSDT,down_cusum,flipped_1_2_t24,4052,0.6636229022704837,-0.0007411911827625093,-1.319163832611927,5.916584402764067,0.021224086870681145
LINKUSDT,down_cusum,flipped_1_2_t12,4361,0.6464113735381793,-0.0007016316166478107,-1.4159285111736364,5.200183444164183,0.09745471222196744
LINKUSDT,down_cusum,tight_1_1_t12,5358,0.5011198208286675,-0.0008116648547666397,-2.811765871552786,3.25979843225084,0.017357222844344905
LINKUSDT,down_cusum,fast_15_1_t8,4939,0.41648106904231624,-0.0006909988168059102,-1.867196319992396,3.9497874063575624,0.10568941081190525
LINKUSDT,down_cusum,fast_1_15_t8,4918,0.5829605530703538,-0.0006503320760170191,-1.7485964098893851,4.06567710451403,0.12037413582757218
DOTUSDT,all,symmetric_2_1_t24,6139,0.35738719661182605,1.6121052806414982e-05,0.02895297809450465,6.11190747678775,0.022153445186512463
DOTUSDT,all,flipped_1_2_t24,6143,0.6724727331922513,5.153090216797392e-05,0.09240056169982301,6.107276574963373,0.02539475826143578
DOTUSDT,all,flipped_1_2_t12,6950,0.6500719424460432,0.00012573503944273478,0.26018894874978077,5.282014388489209,0.10992805755395683
DOTUSDT,all,tight_1_1_t12,9777,0.508438171218165,-0.0002673194262854024,-0.9017964013436086,3.4655824895162115,0.02209266646210494
DOTUSDT,all,fast_15_1_t8,8420,0.4343230403800475,-0.00012495822985932322,-0.33698766759042154,4.185273159144893,0.13182897862232779
DOTUSDT,all,fast_1_15_t8,8475,0.5907964601769912,-8.957320257229541e-05,-0.24037334683819825,4.151622418879056,0.12778761061946903
DOTUSDT,bear,symmetric_2_1_t24,3624,0.36423841059602646,9.937717532941274e-05,0.1752317277607392,6.294150110375276,0.025386313465783666
DOTUSDT,bear,flipped_1_2_t24,3733,0.674792392177873,6.249746464143926e-05,0.10981658589333819,6.3118135547816765,0.03027055987141709
DOTUSDT,bear,flipped_1_2_t12,4224,0.6496212121212122,7.120781375206817e-05,0.14507408606357428,5.393229166666667,0.12026515151515152
DOTUSDT,bear,tight_1_1_t12,5779,0.508392455442118,-0.0003391473981406866,-1.118505227329742,3.5497490915383283,0.024744765530368577
DOTUSDT,bear,fast_15_1_t8,5025,0.4401990049751244,-1.2416368023549062e-05,-0.032910804951535436,4.2314427860696515,0.13472636815920397
DOTUSDT,bear,fast_1_15_t8,5106,0.5879357618488054,-0.00013178503841696228,-0.3503546767458654,4.212495103799451,0.13807285546415982
DOTUSDT,reversion,symmetric_2_1_t24,2244,0.3511586452762923,5.718992369956216e-05,0.10452978075268818,5.89795008912656,0.0196078431372549
DOTUSDT,reversion,flipped_1_2_t24,2172,0.6593001841620626,-0.00022594754307742672,-0.4169556129986702,5.7951197053407,0.01979742173112339
DOTUSDT,reversion,flipped_1_2_t12,2426,0.6409727947238252,-0.00013031793249275973,-0.27448613977131814,5.0845012366034625,0.09851607584501236
DOTUSDT,reversion,tight_1_1_t12,3405,0.4983847283406755,-0.0003491557337025069,-1.2022532527342358,3.3362701908957417,0.017033773861967694
DOTUSDT,reversion,fast_15_1_t8,2932,0.4195088676671214,-0.000376447930840908,-1.0253720670540605,4.132673942701228,0.12653478854024558
DOTUSDT,reversion,fast_1_15_t8,2909,0.5892059126847714,-8.967814299794553e-05,-0.24063521764042262,4.06978343073221,0.11137848057751805
DOTUSDT,down_cusum,symmetric_2_1_t24,4088,0.3610567514677104,0.00017717924644986555,0.33537003664580395,5.750978473581213,0.018590998043052837
DOTUSDT,down_cusum,flipped_1_2_t24,4134,0.6690856313497823,-0.000120957081022444,-0.22826533077881545,5.77092404450895,0.020319303338171262
DOTUSDT,down_cusum,flipped_1_2_t12,4426,0.6482150926344329,-0.00014510515783266485,-0.3076356409405552,5.150474469046543,0.096475372797108
DOTUSDT,down_cusum,tight_1_1_t12,5445,0.5105601469237833,-0.00019730540906781816,-0.7130513349338933,3.209182736455464,0.01616161616161616
DOTUSDT,down_cusum,fast_15_1_t8,4980,0.4315261044176707,-4.479284879208738e-05,-0.1270550139519577,3.910441767068273,0.10060240963855421
DOTUSDT,down_cusum,fast_1_15_t8,5002,0.5825669732107157,-0.00038506938780754794,-1.0704073674944217,3.9772091163534586,0.1131547381047581
