asof_ts,gross,funding,fees,spread,slippage,impact,net,turnover,gross_leverage,net_leverage,n_trades
2025-09-05 00:00:00+00:00,-0.005823909766,-1.858688467e-05,-2.530154245e-05,-4.600280445e-06,-0,-1.100411013e-05,-0.005883402584,0.0462731552,0.09636681528,0.09636681528,5
2025-09-06 00:00:00+00:00,0.0004328628913,-9.058936822e-06,-7.351293964e-06,-1.336598903e-06,-0,-1.206637127e-06,0.0004139094245,0.01336032687,0.08685876642,0.08685876642,4
2025-09-07 00:00:00+00:00,-0.0008557124192,-1.951775895e-05,-6.402185596e-06,-1.164033745e-06,-0,-1.336977542e-06,-0.000884133375,0.01165053435,0.07442785806,0.07442785806,4
2025-09-08 00:00:00+00:00,0.001348936769,-2.232835742e-05,-1.346998532e-05,-2.449088241e-06,-0,-7.399599318e-06,0.001303289739,0.02445843564,0.09834273997,0.09834273997,5
2025-09-09 00:00:00+00:00,0.002136779635,-2.661172542e-05,-7.26901317e-05,-1.321638758e-05,-0,-5.064809836e-05,0.001973613292,0.1318855751,0.2321535125,0.2321535125,6
2025-09-10 00:00:00+00:00,0.002636554005,-5.800636638e-05,-2.162743072e-05,-3.932260131e-06,-0,-4.466192655e-06,0.002548521755,0.03922146689,0.2114391712,0.2114391712,6
2025-09-11 00:00:00+00:00,0.01025434928,-5.360025732e-05,-5.280427639e-05,-9.600777526e-06,-0,-1.713482922e-05,0.01012120914,0.09503831328,0.3144932293,0.3144932293,6
2025-09-12 00:00:00+00:00,0.003951351039,-5.880859698e-05,-2.352522671e-05,-4.277313947e-06,-0,-8.343257795e-06,0.003856396644,0.04260728879,0.3278253541,0.3278253541,6
2025-09-13 00:00:00+00:00,0.008187205721,-7.908994831e-05,-1.711798006e-05,-3.112360011e-06,-0,-4.643584479e-06,0.008083241848,0.03087327601,0.3336980463,0.3336980463,6
2025-09-14 00:00:00+00:00,0.002583719949,-6.127374574e-05,-7.145954547e-06,-1.299264463e-06,-0,-3.276497094e-06,0.002510724487,0.01295995384,0.3384831488,0.3384831488,6
2025-09-15 00:00:00+00:00,-0.006043418956,-7.006143746e-05,-1.46218253e-05,-2.658513691e-06,-0,-3.564924739e-06,-0.006134325657,0.02674866435,0.3474425316,0.3474425316,6
2025-09-16 00:00:00+00:00,-0.004066539316,-7.876405195e-05,-2.038288602e-05,-3.705979277e-06,-0,-1.32084836e-05,-0.004182600717,0.03721405632,0.3530364392,0.3530364392,6
2025-09-17 00:00:00+00:00,0.002995211416,-8.483963854e-05,-1.96355792e-05,-3.570105309e-06,-0,-4.730501287e-06,0.002882435591,0.03559745127,0.3708499609,0.3708499609,6
2025-09-18 00:00:00+00:00,0.008595741208,-5.064142572e-05,-1.990210732e-05,-3.618564967e-06,-0,-5.215823508e-06,0.008516363287,0.03587905953,0.3575204009,0.3575204009,6
2025-09-19 00:00:00+00:00,0.0103029509,-9.169587746e-05,-2.687589284e-05,-4.88652597e-06,-0,-1.304109516e-05,0.01016645151,0.04837132774,0.3671008684,0.3671008684,6
2025-09-20 00:00:00+00:00,-0.01091677918,-7.543349058e-05,-3.81819653e-05,-6.94217551e-06,-0,-1.807382954e-05,-0.01105541064,0.07019333517,0.3273298269,0.3273298269,6
2025-09-21 00:00:00+00:00,-0.000974882094,-6.628363991e-05,-8.965481964e-06,-1.63008763e-06,-0,-9.466580422e-07,-0.001052707961,0.0163178659,0.3298427231,0.3298427231,6
2025-09-22 00:00:00+00:00,-0.003133688285,-6.391524745e-05,-4.072773558e-05,-7.405042834e-06,-0,-1.55592476e-05,-0.003261295559,0.07428797182,0.2564727103,0.2564727103,6
2025-09-23 00:00:00+00:00,-0.0074316259,-4.702309931e-05,-8.446802248e-05,-1.535782227e-05,-0,-3.767373659e-05,-0.00761614858,0.1547354347,0.09631564049,0.09631564049,6
2025-09-24 00:00:00+00:00,-0.001356868495,-2.575481689e-05,-1.09764888e-05,-1.995725236e-06,-0,-3.781571609e-06,-0.001399377098,0.01998488392,0.07510536206,0.07510536206,2
2025-09-25 00:00:00+00:00,-0.002598728975,-1.485155332e-05,-4.52491252e-06,-8.227113674e-07,-0,-2.505778893e-06,-0.002621433931,0.008248672243,0.06444795935,0.06444795935,2
2025-09-26 00:00:00+00:00,-0.007116710664,1.578873779e-06,-2.222002829e-05,-4.040005144e-06,-0,-2.849803572e-05,-0.00716988986,0.04068956305,0.01705252822,0.01705252822,2
2025-09-27 00:00:00+00:00,0.0002735126133,7.71626902e-07,-2.239417733e-06,-4.071668605e-07,-0,-1.178440297e-06,0.0002704592153,0.004070552116,0.02139184199,0.02139184199,1
2025-09-28 00:00:00+00:00,-0.0002582382907,-9.339678215e-07,-2.937444532e-06,-5.34080824e-07,-0,-1.69642901e-06,-0.0002643402129,0.005342192788,0.01579688958,0.01579688958,1
2025-09-29 00:00:00+00:00,0.0006841194304,-3.795044753e-06,-1.392876535e-05,-2.532502791e-06,-0,-4.831491609e-06,0.0006590316259,0.02530781039,0.04177761459,0.04177761459,4
2025-09-30 00:00:00+00:00,0.00049391156,-2.102365508e-06,-3.762967677e-05,-6.841759412e-06,-0,-4.530838613e-06,0.0004428069197,0.06838396226,0.1106347091,0.1106347091,5
2025-10-01 00:00:00+00:00,-0.001166244489,4.031865124e-06,-5.756309194e-06,-1.046601672e-06,-0,-9.7886386e-07,-0.001169994399,0.01047819461,0.1144429463,0.1144429463,5
2025-10-02 00:00:00+00:00,0.004817381853,-2.43113598e-05,-6.45748634e-05,-1.174088425e-05,-0,-1.93726193e-05,0.004697382127,0.1168487781,0.2355402098,0.2355402098,6
2025-10-03 00:00:00+00:00,0.005413650926,-3.74454547e-05,-6.267158511e-05,-1.139483366e-05,-0,-4.012699628e-05,0.005262012056,0.1133390028,0.3530043733,0.3530043733,6
2025-10-04 00:00:00+00:00,0.002040680122,-2.389252129e-05,-2.50886939e-05,-4.561580709e-06,-0,-5.042689783e-06,0.001982094637,0.04552399486,0.384681834,0.384681834,6
2025-10-05 00:00:00+00:00,-0.004525327545,-6.575248929e-05,-2.191478966e-05,-3.984507212e-06,-0,-1.09994614e-05,-0.004627978792,0.04002884776,0.365330096,0.365330096,6
2025-10-06 00:00:00+00:00,0.001691208038,-0.0001009106115,-1.159130142e-05,-2.10750935e-06,-0,-3.084514878e-06,0.0015735141,0.02104163104,0.3770627695,0.3770627695,6
2025-10-07 00:00:00+00:00,0.008171468319,-9.852044997e-05,-3.642036661e-05,-6.621884838e-06,-0,-3.248334926e-05,0.007997422268,0.06568854815,0.4140798823,0.4140798823,6
2025-10-08 00:00:00+00:00,-0.01922030623,-8.312754675e-05,-9.340461022e-05,-1.69826564e-05,-0,-9.051933978e-05,-0.01950434038,0.1731693267,0.2294624248,0.2294624248,6
2025-10-09 00:00:00+00:00,0.004490956602,-5.90229653e-05,-1.584517968e-05,-2.88094176e-06,-0,-4.849501686e-06,0.004408358014,0.02868229955,0.2580759061,0.2580759061,5
2025-10-10 00:00:00+00:00,-0.005523968189,-3.71264091e-05,-3.645240202e-05,-6.627709458e-06,-0,-7.538705844e-06,-0.005611713416,0.0666477289,0.188530483,0.188530483,6
2025-10-11 00:00:00+00:00,-0.01818288793,-4.505875047e-05,-9.369117727e-05,-1.70347595e-05,-0,-2.585173576e-05,-0.01836452435,0.1735103321,0,0,5
2025-10-12 00:00:00+00:00,0,-0,-0,-0,-0,-0,0,0,0,0,0
2025-10-13 00:00:00+00:00,0,-0,-0,-0,-0,-0,0,0,0,0,0
2025-10-14 00:00:00+00:00,0,-0,-0,-0,-0,-0,0,0,0,0,0
2025-10-15 00:00:00+00:00,0,-0,-0,-0,-0,-0,0,0,0,0,0
2025-10-16 00:00:00+00:00,0,-0,-0,-0,-0,-0,0,0,0,0,0
2025-10-17 00:00:00+00:00,0,-0,-0,-0,-0,-0,0,0,0,0,0
2025-10-18 00:00:00+00:00,0,-0,-0,-0,-0,-0,0,0,0,0,0
2025-10-19 00:00:00+00:00,0,-0,-0,-0,-0,-0,0,0,0,0,0
2025-10-20 00:00:00+00:00,0,-0,-0,-0,-0,-0,0,0,0,0,0
2025-10-21 00:00:00+00:00,0,-0,-0,-0,-0,-0,0,0,0,0,0
2025-10-22 00:00:00+00:00,0,-0,-0,-0,-0,-0,0,0,0,0,0
2025-10-23 00:00:00+00:00,0,-0,-0,-0,-0,-0,0,0,0,0,0
2025-10-24 00:00:00+00:00,0,-0,-0,-0,-0,-0,0,0,0,0,0
2025-10-25 00:00:00+00:00,0,-0,-1.398844281e-06,-2.543353238e-07,-0,-5.199140716e-08,-1.705171012e-06,0.002543353238,0.002543353238,0.002543353238,2
2025-10-26 00:00:00+00:00,1.236478918e-05,-6.762802676e-07,-8.118849062e-06,-1.476154375e-06,-0,-4.726080984e-07,1.620897382e-06,0.01476137121,0.01731705937,0.01731705937,3
2025-10-27 00:00:00+00:00,0.0006401619115,-4.614132769e-06,-3.360766177e-05,-6.110483958e-06,-0,-3.957065787e-06,0.0005918725672,0.0610660292,0.07901184506,0.07901184506,3
2025-10-28 00:00:00+00:00,-0.0004718284179,-2.137598353e-05,-4.83582793e-06,-8.792414419e-07,-0,-1.956565269e-07,-0.0004991151273,0.008796753016,0.06978201902,0.06978201902,3
2025-10-29 00:00:00+00:00,-0.001402983777,-7.666007457e-06,-2.620134029e-05,-4.763880053e-06,-0,-3.064447991e-06,-0.001444679453,0.04770609713,0.02076953325,0.02076953325,3
2025-10-30 00:00:00+00:00,-0.0005078754935,-3.431318437e-07,-1.114391176e-05,-2.026165775e-06,-0,-6.66022168e-07,-0.0005220547251,0.02027196034,0,0,2
2025-10-31 00:00:00+00:00,0,-0,-0,-0,-0,-0,0,0,0,0,0
2025-11-01 00:00:00+00:00,0,-0,-0,-0,-0,-0,0,0,0,0,0
2025-11-02 00:00:00+00:00,0,-0,-0,-0,-0,-0,0,0,0,0,0
2025-11-03 00:00:00+00:00,0,-0,-0,-0,-0,-0,0,0,0,0,0
2025-11-04 00:00:00+00:00,0,-0,-0,-0,-0,-0,0,0,0,0,0
2025-11-05 00:00:00+00:00,0,-0,-0,-0,-0,-0,0,0,0,0,0
2025-11-06 00:00:00+00:00,0,-0,-0,-0,-0,-0,0,0,0,0,0
2025-11-07 00:00:00+00:00,0,-0,-0,-0,-0,-0,0,0,0,0,0
2025-11-08 00:00:00+00:00,0,-0,-1.403211769e-06,-2.551294125e-07,-0,-1.455154401e-06,-3.113495583e-06,0.002551294125,0.002551294125,0.002551294125,1
2025-11-09 00:00:00+00:00,-2.90338888e-06,-1.619051252e-07,-5.928386322e-07,-1.077888422e-07,-0,-3.796102701e-07,-4.145531749e-06,0.001077891726,0.001470506822,0.001470506822,1
2025-11-10 00:00:00+00:00,-8.33148341e-06,-1.2394902e-07,-5.668356303e-07,-1.030610237e-07,-0,-3.411021125e-07,-9.466431197e-06,0.001030618951,0.0004315687508,0.0004315687508,1
2025-11-11 00:00:00+00:00,4.650870967e-06,8.725457003e-08,-1.611781191e-06,-2.930511257e-07,-0,-1.654722326e-06,1.178570894e-06,0.002930497372,0.003366714927,0.003366714927,1
2025-11-12 00:00:00+00:00,-0.0002184651414,-3.162692002e-07,-1.731537382e-06,-3.148249786e-07,-0,-1.882350125e-06,-0.0002227101231,0.003148938715,0,0,1
2025-11-13 00:00:00+00:00,0,-0,-0,-0,-0,-0,0,0,0,0,0
2025-11-14 00:00:00+00:00,0,-0,-0,-0,-0,-0,0,0,0,0,0
2025-11-15 00:00:00+00:00,0,-0,-0,-0,-0,-0,0,0,0,0,0
2025-11-16 00:00:00+00:00,0,-0,-0,-0,-0,-0,0,0,0,0,0
2025-11-17 00:00:00+00:00,0,-0,-0,-0,-0,-0,0,0,0,0,0
2025-11-18 00:00:00+00:00,0,-0,-0,-0,-0,-0,0,0,0,0,0
2025-11-19 00:00:00+00:00,0,-0,-0,-0,-0,-0,0,0,0,0,0
2025-11-20 00:00:00+00:00,0,-0,-0,-0,-0,-0,0,0,0,0,0
2025-11-21 00:00:00+00:00,0,-0,-0,-0,-0,-0,0,0,0,0,0
2025-11-22 00:00:00+00:00,0,-0,-0,-0,-0,-0,0,0,0,0,0
2025-11-23 00:00:00+00:00,0,-0,-0,-0,-0,-0,0,0,0,0,0
2025-11-24 00:00:00+00:00,0,-0,-0,-0,-0,-0,0,0,0,0,0
2025-11-25 00:00:00+00:00,0,-0,-0,-0,-0,-0,0,0,0,0,0
2025-11-26 00:00:00+00:00,0,-0,-0,-0,-0,-0,0,0,0,0,0
2025-11-27 00:00:00+00:00,0,-0,-0,-0,-0,-0,0,0,0,0,0
2025-11-28 00:00:00+00:00,0,-0,-0,-0,-0,-0,0,0,0,0,0
2025-11-29 00:00:00+00:00,0,-0,-0,-0,-0,-0,0,0,0,0,0
2025-11-30 00:00:00+00:00,0,-0,-0,-0,-0,-0,0,0,0,0,0
2025-12-01 00:00:00+00:00,0,-0,-0,-0,-0,-0,0,0,0,0,0
2025-12-02 00:00:00+00:00,0,-0,-0,-0,-0,-0,0,0,0,0,0
2025-12-03 00:00:00+00:00,0,-0,-0,-0,-0,-0,0,0,0,0,0
2025-12-04 00:00:00+00:00,0,-0,-0,-0,-0,-0,0,0,0,0,0
2025-12-05 00:00:00+00:00,0,-0,-0,-0,-0,-0,0,0,0,0,0
2025-12-06 00:00:00+00:00,0,-0,-0,-0,-0,-0,0,0,0,0,0
2025-12-07 00:00:00+00:00,0,-0,-0,-0,-0,-0,0,0,0,0,0
2025-12-08 00:00:00+00:00,0,-0,-0,-0,-0,-0,0,0,0,0,0
2025-12-09 00:00:00+00:00,0,-0,-0,-0,-0,-0,0,0,0,0,0
2025-12-10 00:00:00+00:00,0,-0,-7.26521349e-06,-1.320947907e-06,-0,-1.020815188e-06,-9.606976586e-06,0.01320947907,0.01320947907,0.01320947907,1
2025-12-11 00:00:00+00:00,2.374143425e-05,-6.628516599e-07,-1.346960903e-08,-2.449019823e-09,-0,-7.83615499e-11,2.30625856e-05,2.448963305e-05,0.01325740474,0.01325740474,1
2025-12-12 00:00:00+00:00,-0.0003439620579,1.505776031e-06,-1.206757109e-06,-2.194103834e-07,-0,-6.525463044e-08,-0.000343947704,0.002194855476,0.01072301101,0.01072301101,1
2025-12-13 00:00:00+00:00,-0.0005056551604,-1.327401533e-06,-5.61954572e-06,-1.021735585e-06,-0,-6.699423158e-07,-0.0005142937855,0.0102225385,0,0,1
2025-12-14 00:00:00+00:00,0,-0,-0,-0,-0,-0,0,0,0,0,0
2025-12-15 00:00:00+00:00,0,-0,-0,-0,-0,-0,0,0,0,0,0
2025-12-16 00:00:00+00:00,0,-0,-0,-0,-0,-0,0,0,0,0,0
2025-12-17 00:00:00+00:00,0,-0,-0,-0,-0,-0,0,0,0,0,0
2025-12-18 00:00:00+00:00,0,-0,-0,-0,-0,-0,0,0,0,0,0
2025-12-19 00:00:00+00:00,0,-0,-0,-0,-0,-0,0,0,0,0,0
2025-12-20 00:00:00+00:00,0,-0,-0,-0,-0,-0,0,0,0,0,0
2025-12-21 00:00:00+00:00,0,-0,-0,-0,-0,-0,0,0,0,0,0
2025-12-22 00:00:00+00:00,0,-0,-0,-0,-0,-0,0,0,0,0,0
2025-12-23 00:00:00+00:00,0,-0,-0,-0,-0,-0,0,0,0,0,0
2025-12-24 00:00:00+00:00,0,-0,-0,-0,-0,-0,0,0,0,0,0
2025-12-25 00:00:00+00:00,0,-0,-0,-0,-0,-0,0,0,0,0,0
2025-12-26 00:00:00+00:00,0,-0,-0,-0,-0,-0,0,0,0,0,0
2025-12-27 00:00:00+00:00,0,-0,-0,-0,-0,-0,0,0,0,0,0
2025-12-28 00:00:00+00:00,0,-0,-0,-0,-0,-0,0,0,0,0,0
2025-12-29 00:00:00+00:00,0,-0,-0,-0,-0,-0,0,0,0,0,0
2025-12-30 00:00:00+00:00,0,-0,-0,-0,-0,-0,0,0,0,0,0
2025-12-31 00:00:00+00:00,0,-0,-0,-0,-0,-0,0,0,0,0,0
2026-01-01 00:00:00+00:00,0,-0,-0,-0,-0,-0,0,0,0,0,0
2026-01-02 00:00:00+00:00,0,-0,-0,-0,-0,-0,0,0,0,0,0
2026-01-03 00:00:00+00:00,0,-0,-5.803644676e-06,-1.055208123e-06,-0,-1.806206584e-06,-8.665059383e-06,0.01055208123,0.01055208123,0.01055208123,3
2026-01-04 00:00:00+00:00,2.247803124e-05,-7.507294712e-07,-2.078814822e-06,-3.779663312e-07,-0,-1.199309674e-06,1.807121094e-05,0.003779581192,0.01165010356,0.01165010356,3
2026-01-05 00:00:00+00:00,0.0001352954381,-1.407008933e-06,-1.269698244e-05,-2.308542262e-06,-0,-6.539054986e-06,0.0001123438494,0.02308233216,0.03486615345,0.03486615345,5
2026-01-06 00:00:00+00:00,0.000837729494,-3.375434296e-06,-3.306135288e-05,-6.01115507e-06,-0,-1.045484882e-05,0.0007848267029,0.06006143819,0.09573555629,0.09573555629,6
2026-01-07 00:00:00+00:00,0.001040893726,-1.121510855e-05,-1.976984767e-05,-3.594517759e-06,-0,-5.659383754e-06,0.001000654868,0.03590820368,0.1323543072,0.1323543072,6
2026-01-08 00:00:00+00:00,-0.004620881932,-1.10383351e-05,-5.685315159e-05,-1.033693665e-05,-0,-2.947918045e-05,-0.004728589536,0.1038503933,0.02447743626,0.02447743626,6
2026-01-09 00:00:00+00:00,-0.000103674998,1.806323791e-06,-1.158606021e-05,-2.106556402e-06,-0,-2.951999837e-06,-0.0001185132907,0.02106771016,0.01817705974,0.01817705974,4
2026-01-10 00:00:00+00:00,-0.0003089547981,-2.356292254e-06,-5.730657908e-06,-1.041937801e-06,-0,-9.974906039e-07,-0.0003190811766,0.01042262269,0.007451046519,0.007451046519,1
2026-01-11 00:00:00+00:00,-7.675274171e-06,-9.88902894e-07,-3.22864069e-06,-5.870255801e-07,-0,-4.105538338e-07,-1.289039717e-05,0.005870306662,0.001573129074,0.001573129074,1
2026-01-12 00:00:00+00:00,4.449300761e-05,-3.633770847e-07,-6.181072128e-06,-1.123831296e-06,-0,-1.120515647e-06,3.570421145e-05,0.01123781704,0.01285536774,0.01285536774,1
2026-01-13 00:00:00+00:00,-4.511947706e-05,-8.131020095e-07,-9.101017403e-07,-1.654730437e-07,-0,-6.22552246e-08,-4.707040908e-05,0.001654806446,0.01115603025,0.01115603025,1
2026-01-14 00:00:00+00:00,0.0005084044838,-1.543436785e-06,-7.706475865e-05,-1.40117743e-05,-0,-3.612094553e-05,0.0003796635685,0.1400467588,0.1517052842,0.1517052842,6
2026-01-15 00:00:00+00:00,0.001112888253,-4.266750931e-05,-3.65352503e-05,-6.642772781e-06,-0,-1.004869889e-05,0.001016994021,0.06635671149,0.2156840447,0.2156840447,6
2026-01-16 00:00:00+00:00,-0.004476768585,-8.949401065e-08,-3.092044152e-05,-5.621898458e-06,-0,-2.736093862e-05,-0.004540761357,0.05647180082,0.1556852724,0.1556852724,6
2026-01-17 00:00:00+00:00,7.266295374e-05,-8.410713424e-06,-1.658753069e-05,-3.015914672e-06,-0,-4.520407156e-06,4.01283878e-05,0.03015720905,0.1315821244,0.1315821244,4
2026-01-18 00:00:00+00:00,-0.0004128169058,-1.377941889e-05,-9.972469378e-06,-1.813176251e-06,-0,-1.895832843e-06,-0.0004402778032,0.01813950075,0.1468857913,0.1468857913,4
2026-01-19 00:00:00+00:00,-0.002756477436,-9.996352342e-06,-6.600638353e-05,-1.200116064e-05,-0,-1.276184785e-05,-0.00285724318,0.1203445364,0.02418461352,0.02418461352,4
2026-01-20 00:00:00+00:00,-0.0006112439169,5.676963037e-07,-1.296535328e-05,-2.35733696e-06,-0,-1.573472334e-06,-0.0006275723832,0.0235877741,0,0,2
2026-01-21 00:00:00+00:00,0,-0,-0,-0,-0,-0,0,0,0,0,0
2026-01-22 00:00:00+00:00,0,-0,-0,-0,-0,-0,0,0,0,0,0
2026-01-23 00:00:00+00:00,0,-0,-0,-0,-0,-0,0,0,0,0,0
2026-01-24 00:00:00+00:00,0,-0,-0,-0,-0,-0,0,0,0,0,0
2026-01-25 00:00:00+00:00,0,-0,-0,-0,-0,-0,0,0,0,0,0
2026-01-26 00:00:00+00:00,0,-0,-0,-0,-0,-0,0,0,0,0,0
2026-01-27 00:00:00+00:00,0,-0,-0,-0,-0,-0,0,0,0,0,0
2026-01-28 00:00:00+00:00,0,-0,-0,-0,-0,-0,0,0,0,0,0
2026-01-29 00:00:00+00:00,0,-0,-0,-0,-0,-0,0,0,0,0,0
2026-01-30 00:00:00+00:00,0,-0,-0,-0,-0,-0,0,0,0,0,0
2026-01-31 00:00:00+00:00,0,-0,-0,-0,-0,-0,0,0,0,0,0
2026-02-01 00:00:00+00:00,0,-0,-0,-0,-0,-0,0,0,0,0,0
2026-02-02 00:00:00+00:00,0,-0,-0,-0,-0,-0,0,0,0,0,0
2026-02-03 00:00:00+00:00,0,-0,-0,-0,-0,-0,0,0,0,0,0
2026-02-04 00:00:00+00:00,0,-0,-0,-0,-0,-0,0,0,0,0,0
2026-02-05 00:00:00+00:00,0,-0,-0,-0,-0,-0,0,0,0,0,0
2026-02-06 00:00:00+00:00,0,-0,-0,-0,-0,-0,0,0,0,0,0
2026-02-07 00:00:00+00:00,0,-0,-0,-0,-0,-0,0,0,0,0,0
2026-02-08 00:00:00+00:00,0,-0,-0,-0,-0,-0,0,0,0,0,0
2026-02-09 00:00:00+00:00,0,-0,-0,-0,-0,-0,0,0,0,0,0
2026-02-10 00:00:00+00:00,0,-0,-0,-0,-0,-0,0,0,0,0,0
2026-02-11 00:00:00+00:00,0,-0,-0,-0,-0,-0,0,0,0,0,0
2026-02-12 00:00:00+00:00,0,-0,-0,-0,-0,-0,0,0,0,0,0
2026-02-13 00:00:00+00:00,0,-0,-0,-0,-0,-0,0,0,0,0,0
2026-02-14 00:00:00+00:00,0,-0,-0,-0,-0,-0,0,0,0,0,0
2026-02-15 00:00:00+00:00,0,-0,-0,-0,-0,-0,0,0,0,0,0
2026-02-16 00:00:00+00:00,0,-0,-0,-0,-0,-0,0,0,0,0,0
2026-02-17 00:00:00+00:00,0,-0,-0,-0,-0,-0,0,0,0,0,0
2026-02-18 00:00:00+00:00,0,-0,-0,-0,-0,-0,0,0,0,0,0
2026-02-19 00:00:00+00:00,0,-0,-0,-0,-0,-0,0,0,0,0,0
2026-02-20 00:00:00+00:00,0,-0,-0,-0,-0,-0,0,0,0,0,0
2026-02-21 00:00:00+00:00,0,-0,-0,-0,-0,-0,0,0,0,0,0
2026-02-22 00:00:00+00:00,0,-0,-0,-0,-0,-0,0,0,0,0,0
2026-02-23 00:00:00+00:00,0,-0,-0,-0,-0,-0,0,0,0,0,0
2026-02-24 00:00:00+00:00,0,-0,-0,-0,-0,-0,0,0,0,0,0
2026-02-25 00:00:00+00:00,0,-0,-0,-0,-0,-0,0,0,0,0,0
2026-02-26 00:00:00+00:00,0,-0,-4.218873854e-06,-7.670679734e-07,-0,-1.208730314e-05,-1.707324496e-05,0.007670679734,0.007670679734,0.007670679734,1
2026-02-27 00:00:00+00:00,-0.0002538584664,-5.831250734e-07,-2.521828002e-06,-4.585141821e-07,-0,-5.088166534e-06,-0.0002625101002,0.004586308769,0.002832400127,0.002832400127,1
2026-02-28 00:00:00+00:00,-1.480624872e-05,3.844983172e-07,-1.353742907e-06,-2.461350739e-07,-0,-1.828921116e-06,-1.78505495e-05,0.002461386237,0.0003562482768,0.0003562482768,1
2026-03-01 00:00:00+00:00,1.397357958e-05,-8.696020436e-08,-2.814298655e-06,-5.116906645e-07,-0,-5.21426572e-06,5.346364333e-06,0.00511683559,0.005487052305,0.005487052305,1
2026-03-02 00:00:00+00:00,-0.0004234529891,1.000289635e-06,-2.653452332e-06,-4.824458785e-07,-0,-4.675135671e-06,-0.0004302637334,0.004826497752,0.0002392415994,0.0002392415994,1
2026-03-03 00:00:00+00:00,-4.010769149e-06,-5.620263654e-08,-1.293769567e-07,-2.352308303e-08,-0,-4.869284972e-08,-4.268564675e-06,0.000235231787,0,0,1
2026-03-04 00:00:00+00:00,0,-0,-0,-0,-0,-0,0,0,0,0,0
2026-03-05 00:00:00+00:00,0,-0,-0,-0,-0,-0,0,0,0,0,0
2026-03-06 00:00:00+00:00,0,-0,-0,-0,-0,-0,0,0,0,0,0
2026-03-07 00:00:00+00:00,0,-0,-0,-0,-0,-0,0,0,0,0,0
2026-03-08 00:00:00+00:00,0,-0,-0,-0,-0,-0,0,0,0,0,0
2026-03-09 00:00:00+00:00,0,-0,-0,-0,-0,-0,0,0,0,0,0
2026-03-10 00:00:00+00:00,0,-0,-0,-0,-0,-0,0,0,0,0,0
2026-03-11 00:00:00+00:00,0,-0,-0,-0,-0,-0,0,0,0,0,0
2026-03-12 00:00:00+00:00,0,-0,-0,-0,-0,-0,0,0,0,0,0
2026-03-13 00:00:00+00:00,0,-0,-0,-0,-0,-0,0,0,0,0,0
2026-03-14 00:00:00+00:00,0,-0,-0,-0,-0,-0,0,0,0,0,0
2026-03-15 00:00:00+00:00,0,-0,-0,-0,-0,-0,0,0,0,0,0
2026-03-16 00:00:00+00:00,0,-0,-1.321619034e-05,-2.402943698e-06,-0,-5.573793333e-06,-2.119292737e-05,0.02402943698,0.02402943698,0.02402943698,5
2026-03-17 00:00:00+00:00,0.001271186579,-4.10409894e-06,-4.816977998e-05,-8.758141815e-06,-0,-4.434698924e-05,0.001165807569,0.08747058571,0.1127391919,0.1127391919,6
2026-03-18 00:00:00+00:00,-0.001933362437,-6.743603451e-06,-1.289939526e-05,-2.345344592e-06,-0,-1.154485395e-05,-0.001966895634,0.02349903654,0.09356497087,0.09356497087,6
2026-03-19 00:00:00+00:00,-0.004345881959,1.279522934e-06,-4.830510229e-05,-8.782745871e-06,-0,-3.238025812e-05,-0.004434070542,0.08821069913,0.00139770266,0.00139770266,6
2026-03-20 00:00:00+00:00,-4.146696463e-05,-6.676825608e-08,-7.459296325e-07,-1.356235696e-07,-0,-4.375521584e-08,-4.24590413e-05,0.001356292027,0,0,1
2026-03-21 00:00:00+00:00,0,-0,-0,-0,-0,-0,0,0,0,0,0
2026-03-22 00:00:00+00:00,0,-0,-0,-0,-0,-0,0,0,0,0,0
2026-03-23 00:00:00+00:00,0,-0,-0,-0,-0,-0,0,0,0,0,0
2026-03-24 00:00:00+00:00,0,-0,-0,-0,-0,-0,0,0,0,0,0
2026-03-25 00:00:00+00:00,0,-0,-0,-0,-0,-0,0,0,0,0,0
2026-03-26 00:00:00+00:00,0,-0,-0,-0,-0,-0,0,0,0,0,0
2026-03-27 00:00:00+00:00,0,-0,-0,-0,-0,-0,0,0,0,0,0
2026-03-28 00:00:00+00:00,0,-0,-0,-0,-0,-0,0,0,0,0,0
2026-03-29 00:00:00+00:00,0,-0,-0,-0,-0,-0,0,0,0,0,0
2026-03-30 00:00:00+00:00,0,-0,-0,-0,-0,-0,0,0,0,0,0
2026-03-31 00:00:00+00:00,0,-0,-0,-0,-0,-0,0,0,0,0,0
2026-04-01 00:00:00+00:00,0,-0,-0,-0,-0,-0,0,0,0,0,0
2026-04-02 00:00:00+00:00,0,-0,-0,-0,-0,-0,0,0,0,0,0
2026-04-03 00:00:00+00:00,0,-0,-0,-0,-0,-0,0,0,0,0,0
2026-04-04 00:00:00+00:00,0,-0,-0,-0,-0,-0,0,0,0,0,0
2026-04-05 00:00:00+00:00,0,-0,-0,-0,-0,-0,0,0,0,0,0
2026-04-06 00:00:00+00:00,0,-0,-0,-0,-0,-0,0,0,0,0,0
2026-04-07 00:00:00+00:00,0,-0,-0,-0,-0,-0,0,0,0,0,0
2026-04-08 00:00:00+00:00,0,-0,-1.625863598e-05,-2.956115632e-06,-0,-2.527566264e-06,-2.174231787e-05,0.02956115632,0.02956115632,0.02956115632,3
2026-04-09 00:00:00+00:00,-0.0005855288089,-6.011370082e-06,-6.76233881e-06,-1.229516147e-06,-0,-1.066914146e-06,-0.0006005989481,0.01230243886,0.01669033905,0.01669033905,3
2026-04-10 00:00:00+00:00,9.281609152e-05,-1.704569178e-06,-9.445307411e-06,-1.71732862e-06,-0,-7.729386862e-07,7.917594762e-05,0.01717172166,0.0339533478,0.0339533478,2
2026-04-11 00:00:00+00:00,0.0006567473065,-7.494113436e-06,-1.353889207e-05,-2.461616741e-06,-0,-1.436117286e-06,0.0006318165669,0.02460019565,0.05918783462,0.05918783462,2
2026-04-12 00:00:00+00:00,0.000459201807,-3.945443401e-07,-3.550009391e-06,-6.454562528e-07,-0,-2.628451732e-07,0.0004543489519,0.006451602486,0.06317314174,0.06317314174,2
2026-04-13 00:00:00+00:00,-0.002259739734,3.482432968e-07,-3.35023711e-05,-6.091340201e-06,-0,-5.65135707e-06,-0.002304636559,0.06105134089,0,0,2
2026-04-14 00:00:00+00:00,0,-0,-3.539168476e-05,-6.434851774e-06,-0,-9.017252726e-06,-5.084378926e-05,0.06434851774,0.06434851774,0.06434851774,4
2026-04-15 00:00:00+00:00,-0.0008976013736,-9.473884575e-06,-1.472312787e-05,-2.67693234e-06,-0,-3.687487731e-06,-0.0009281628062,0.02679362724,0.03671489613,0.03671489613,4
2026-04-16 00:00:00+00:00,0.0004678387078,7.033807802e-06,-2.070476821e-05,-3.764503311e-06,-0,-2.884504251e-06,0.0004475187399,0.037627165,0.07479225116,0.07479225116,2
2026-04-17 00:00:00+00:00,-2.242452835e-06,5.143254445e-06,-3.339511606e-05,-6.071839283e-06,-0,-4.290583208e-05,-7.947198582e-05,0.0607182167,0.1355080085,0.1355080085,5
2026-04-18 00:00:00+00:00,0.00222165057,-7.198410983e-06,-1.952353321e-05,-3.549733311e-06,-0,-4.893424126e-06,0.002186485468,0.03541889965,0.1461043991,0.1461043991,5
2026-04-19 00:00:00+00:00,-0.00374881688,3.458287631e-05,-4.335309338e-05,-7.882380615e-06,-0,-3.211846295e-05,-0.00379758794,0.07911766768,0.06376862766,0.06376862766,5
2026-04-20 00:00:00+00:00,-0.00186876274,8.364940063e-06,-1.915922645e-05,-3.483495719e-06,-0,-2.594045831e-06,-0.001885634568,0.03489988486,0.02711535308,0.02711535308,2
2026-04-21 00:00:00+00:00,0.0007103162111,8.452927361e-07,-8.234981169e-06,-1.497269303e-06,-0,-7.010889519e-07,0.0007007281644,0.0149620526,0.04276794741,0.04276794741,2
2026-04-22 00:00:00+00:00,0.0002805697052,8.438782981e-06,-5.177404408e-06,-9.41346256e-07,-0,-3.185644493e-07,0.0002825711731,0.009410742775,0.0524468221,0.0524468221,2
2026-04-23 00:00:00+00:00,0.001228119617,2.653034819e-09,-1.817292206e-05,-3.304167648e-06,-0,-2.253919826e-06,0.00120439126,0.03300114704,0.08661025022,0.08661025022,2
2026-04-24 00:00:00+00:00,-0.0003965264868,8.836876581e-06,-8.767115765e-06,-1.594021048e-06,-0,-1.001661077e-06,-0.0003990524081,0.01594639273,0.07868347943,0.07868347943,2
2026-04-25 00:00:00+00:00,-0.0007658123284,4.7405016e-06,-5.809795873e-06,-1.056326522e-06,-0,-5.395535973e-07,-0.0007684775028,0.01057131075,0.06969759572,0.06969759572,3
2026-04-26 00:00:00+00:00,0.000156214386,1.507308211e-06,-4.529805699e-06,-8.236010361e-07,-0,-4.832856174e-07,0.0001518850019,0.008234711568,0.06160808282,0.06160808282,3
2026-04-27 00:00:00+00:00,0.0008742916768,-3.122903807e-06,-4.368263428e-05,-7.942297142e-06,-0,-1.709586765e-05,0.0008024479739,0.07935384084,0.14178183,0.14178183,5
2026-04-28 00:00:00+00:00,-0.002785219396,3.629508537e-06,-5.707872784e-05,-1.037795052e-05,-0,-1.990914348e-05,-0.002868955709,0.1040689824,0.03531533824,0.03531533824,5
2026-04-29 00:00:00+00:00,-0.0004697982566,2.330812324e-06,-5.22726649e-06,-9.50412089e-07,-0,-3.313630926e-07,-0.000473976486,0.009508565835,0.02535327092,0.02535327092,1
2026-04-30 00:00:00+00:00,-0.0001827562124,2.948331876e-06,-7.10598058e-06,-1.291996469e-06,-0,-5.102042174e-07,-0.0001887160618,0.01292228822,0.01225275316,0.01225275316,1
2026-05-01 00:00:00+00:00,8.912563686e-05,9.625762884e-07,-4.47328391e-06,-8.133243473e-07,-0,-2.47955524e-07,8.455364937e-05,0.00813251083,0.02047327787,0.02047327787,1
2026-05-02 00:00:00+00:00,0.000506673446,2.082746558e-06,-1.828139446e-05,-3.323889903e-06,-0,-2.114387519e-06,0.0004850365207,0.03322199713,0.05419128019,0.05419128019,1
2026-05-03 00:00:00+00:00,0.0003228357117,8.632129022e-06,-1.429944182e-05,-2.599898513e-06,-0,-1.39080003e-06,0.0003131777004,0.02599037016,0.08048642238,0.08048642238,2
2026-05-04 00:00:00+00:00,-7.449699292e-05,-4.037318545e-06,-1.985326581e-06,-3.609684693e-07,-0,-9.456304801e-08,-8.097516956e-05,0.003609968199,0.07680827278,0.07680827278,2
2026-05-05 00:00:00+00:00,0.001199447003,-4.061637342e-06,-1.919576501e-05,-3.490139093e-06,-0,-1.939162838e-06,0.001170760299,0.03485972013,0.112774302,0.112774302,2
2026-05-06 00:00:00+00:00,0.001288050745,6.883880122e-06,-2.191178309e-05,-3.983960561e-06,-0,-2.639166441e-05,0.001242647217,0.03978808265,0.1521208684,0.1521208684,3
2026-05-07 00:00:00+00:00,0.001270989079,7.865013813e-06,-3.194891326e-05,-5.808893321e-06,-0,-2.458881814e-05,0.001216507468,0.05801474082,0.2006171,0.2006171,6
2026-05-08 00:00:00+00:00,-0.003272532998,-1.889344602e-05,-3.667566146e-05,-6.668302084e-06,-0,-1.208414722e-05,-0.003346854554,0.0669032279,0.1310930292,0.1310930292,6
2026-05-09 00:00:00+00:00,0.003026114072,-1.816621845e-05,-6.605637539e-05,-1.201025007e-05,-0,-8.703205519e-05,0.002842849173,0.119742322,0.2534592518,0.2534592518,6
2026-05-10 00:00:00+00:00,0.0009761768954,-1.038308008e-05,-2.439713452e-05,-4.435842641e-06,-0,-9.073157817e-06,0.0009278876803,0.04431562665,0.2975180842,0.2975180842,6
2026-05-11 00:00:00+00:00,0.008233500679,5.328699625e-06,-3.752513317e-05,-6.822751486e-06,-0,-1.92011239e-05,0.00817528037,0.06766999333,0.3709231273,0.3709231273,6
2026-05-12 00:00:00+00:00,-0.00229669616,-7.24607357e-05,-5.083966469e-05,-9.243575398e-06,-0,-3.000870684e-05,-0.002459248843,0.09265526885,0.2768465702,0.2768465702,6
2026-05-13 00:00:00+00:00,-0.006943704471,-9.785826431e-06,-3.288364374e-05,-5.978844316e-06,-0,-2.124144047e-05,-0.007013594226,0.06020709259,0.2115856815,0.2115856815,5
2026-05-14 00:00:00+00:00,-0.003427833329,-1.697553924e-05,-5.006571774e-05,-9.10285777e-06,-0,-2.984936624e-05,-0.00353382681,0.0913432377,0.1175341532,0.1175341532,5
2026-05-15 00:00:00+00:00,0.002440299955,-1.097826342e-05,-5.727599175e-05,-1.041381668e-05,-0,-4.29974957e-05,0.002318634387,0.1038857948,0.2235694977,0.2235694977,5
2026-05-16 00:00:00+00:00,-0.007285442702,6.86409797e-06,-0.00010354982,-1.882724001e-05,-0,-0.0001099637493,-0.007510919414,0.1896528029,0.02821703488,0.02821703488,5
2026-05-17 00:00:00+00:00,-0.0006840045698,1.028316517e-06,-1.514316667e-05,-2.753303031e-06,-0,-9.687544228e-06,-0.0007105602672,0.02755184756,0,0,2
2026-05-18 00:00:00+00:00,0,-0,-0,-0,-0,-0,0,0,0,0,0
2026-05-19 00:00:00+00:00,0,-0,-0,-0,-0,-0,0,0,0,0,0
2026-05-20 00:00:00+00:00,0,-0,-0,-0,-0,-0,0,0,0,0,0
2026-05-21 00:00:00+00:00,0,-0,-0,-0,-0,-0,0,0,0,0,0
2026-05-22 00:00:00+00:00,0,-0,-0,-0,-0,-0,0,0,0,0,0
2026-05-23 00:00:00+00:00,0,-0,-0,-0,-0,-0,0,0,0,0,0
2026-05-24 00:00:00+00:00,0,-0,-0,-0,-0,-0,0,0,0,0,0
2026-05-25 00:00:00+00:00,0,-0,-0,-0,-0,-0,0,0,0,0,0
2026-05-26 00:00:00+00:00,0,-0,-0,-0,-0,-0,0,0,0,0,0
2026-05-27 00:00:00+00:00,0,-0,-0,-0,-0,-0,0,0,0,0,0
2026-05-28 00:00:00+00:00,0,-0,-0,-0,-0,-0,0,0,0,0,0
2026-05-29 00:00:00+00:00,0,-0,-0,-0,-0,-0,0,0,0,0,0
2026-05-30 00:00:00+00:00,0,-0,-0,-0,-0,-0,0,0,0,0,0
2026-05-31 00:00:00+00:00,0,-0,-0,-0,-0,-0,0,0,0,0,0
2026-06-01 00:00:00+00:00,0,-0,-0,-0,-0,-0,0,0,0,0,0
2026-06-02 00:00:00+00:00,0,-0,-0,-0,-0,-0,0,0,0,0,0
2026-06-03 00:00:00+00:00,0,-0,-0,-0,-0,-0,0,0,0,0,0
2026-06-04 00:00:00+00:00,0,-0,-0,-0,-0,-0,0,0,0,0,0
2026-06-05 00:00:00+00:00,0,-0,-0,-0,-0,-0,0,0,0,0,0
2026-06-06 00:00:00+00:00,0,-0,-0,-0,-0,-0,0,0,0,0,0
2026-06-07 00:00:00+00:00,0,-0,-0,-0,-0,-0,0,0,0,0,0
2026-06-08 00:00:00+00:00,0,-0,-0,-0,-0,-0,0,0,0,0,0
2026-06-09 00:00:00+00:00,0,-0,-0,-0,-0,-0,0,0,0,0,0
2026-06-10 00:00:00+00:00,0,-0,-0,-0,-0,-0,0,0,0,0,0
2026-06-11 00:00:00+00:00,0,-0,-0,-0,-0,-0,0,0,0,0,0
2026-06-12 00:00:00+00:00,0,-0,-0,-0,-0,-0,0,0,0,0,0
2026-06-13 00:00:00+00:00,0,-0,-0,-0,-0,-0,0,0,0,0,0
2026-06-14 00:00:00+00:00,0,-0,-0,-0,-0,-0,0,0,0,0,0
2026-06-15 00:00:00+00:00,0,-0,-0,-0,-0,-0,0,0,0,0,0
2026-06-16 00:00:00+00:00,0,-0,-0,-0,-0,-0,0,0,0,0,0
2026-06-17 00:00:00+00:00,0,-0,-0,-0,-0,-0,0,0,0,0,0
2026-06-18 00:00:00+00:00,0,-0,-0,-0,-0,-0,0,0,0,0,0
2026-06-19 00:00:00+00:00,0,-0,-0,-0,-0,-0,0,0,0,0,0
2026-06-20 00:00:00+00:00,0,-0,-0,-0,-0,-0,0,0,0,0,0
2026-06-21 00:00:00+00:00,0,-0,-0,-0,-0,-0,0,0,0,0,0
2026-06-22 00:00:00+00:00,0,-0,-0,-0,-0,-0,0,0,0,0,0
2026-06-23 00:00:00+00:00,0,-0,-0,-0,-0,-0,0,0,0,0,0
2026-06-24 00:00:00+00:00,0,-0,-0,-0,-0,-0,0,0,0,0,0
2026-06-25 00:00:00+00:00,0,-0,-0,-0,-0,-0,0,0,0,0,0
2026-06-26 00:00:00+00:00,0,-0,-0,-0,-0,-0,0,0,0,0,0
2026-06-27 00:00:00+00:00,0,-0,-0,-0,-0,-0,0,0,0,0,0
2026-06-28 00:00:00+00:00,0,-0,-0,-0,-0,-0,0,0,0,0,0
2026-06-29 00:00:00+00:00,0,-0,-0,-0,-0,-0,0,0,0,0,0
2026-06-30 00:00:00+00:00,0,-0,-7.477056422e-08,-1.359464804e-08,-0,-2.39782569e-09,-9.076303797e-08,0.0001359464804,0.0001359464804,0.0001359464804,1
2026-07-01 00:00:00+00:00,-2.714224951e-06,-7.288090814e-09,-7.327774049e-08,-1.332322554e-08,-0,-2.236553199e-09,-2.810350561e-06,0.000133232618,0,0,1
2026-07-02 00:00:00+00:00,0,-0,-1.175275604e-05,-2.136864735e-06,-0,-4.674666348e-06,-1.856428713e-05,0.02136864735,0.02136864735,0.02136864735,1
2026-07-03 00:00:00+00:00,0.0009026673149,-1.634915209e-06,-7.854134913e-06,-1.42802453e-06,-0,-2.57097905e-06,0.0008891792612,0.01426738992,0.03651865547,0.03651865547,1
2026-07-04 00:00:00+00:00,0.0007377963364,1.668537369e-06,-1.527932402e-06,-2.778058912e-07,-0,-2.163380521e-07,0.0007374427974,0.002776006153,0.04000492848,0.04000492848,1
2026-07-05 00:00:00+00:00,-0.0002770357093,-7.206087768e-06,-8.495843876e-07,-1.544698886e-07,-0,-8.806260792e-08,-0.000285333914,0.001545138079,0.03819405023,0.03819405023,1
2026-07-06 00:00:00+00:00,-8.410727969e-05,6.97996268e-06,-3.437715668e-06,-6.250392123e-07,-0,-7.062719345e-07,-8.189634382e-05,0.006250874236,0.03186200826,0.03186200826,1
2026-07-07 00:00:00+00:00,0.0001445431959,-3.416881766e-06,-4.707362971e-07,-8.558841765e-08,-0,-3.558197613e-08,0.0001405344074,0.0008557634057,0.03114627172,0.03114627172,1
2026-07-08 00:00:00+00:00,-0.0005322199489,-3.873350351e-06,-3.977070151e-06,-7.231036637e-07,-0,-8.550697004e-07,-0.0005416485427,0.007234915227,0.02339555734,0.02339555734,1
2026-07-09 00:00:00+00:00,-0.0007960241786,2.546372461e-06,-1.089555268e-05,-1.981009578e-06,-0,-3.940682976e-06,-0.0008102950514,0.01982582713,0.002791652495,0.002791652495,1
2026-07-10 00:00:00+00:00,7.177407108e-06,-3.612398328e-08,-1.539356446e-06,-2.798829902e-07,-0,-2.026447209e-07,5.119398968e-06,0.002798809915,0,0,1
2026-07-11 00:00:00+00:00,0,-0,-0,-0,-0,-0,0,0,0,0,0
2026-07-12 00:00:00+00:00,0,-0,-0,-0,-0,-0,0,0,0,0,0
2026-07-13 00:00:00+00:00,0,-0,-0,-0,-0,-0,0,0,0,0,0
2026-07-14 00:00:00+00:00,0,-0,-0,-0,-0,-0,0,0,0,0,0
2026-07-15 00:00:00+00:00,0,-0,-4.302085485e-05,-7.821973609e-06,-0,-4.395077959e-05,-9.479360805e-05,0.07821973609,0.07821973609,0.07821973609,3
2026-07-16 00:00:00+00:00,0.001233946321,-1.525615293e-05,-3.006639467e-05,-5.466617212e-06,-0,-2.310605678e-05,0.0011600511,0.05459963209,0.1339566029,0.1339566029,4
2026-07-17 00:00:00+00:00,-0.003155714782,-1.495140467e-05,-2.860076897e-05,-5.200139813e-06,-0,-1.353065076e-05,-0.003217997746,0.05216680164,0.07905013161,0.07905013161,4
2026-07-18 00:00:00+00:00,-0.0008908391474,-9.225811816e-06,-2.018195135e-05,-3.669445699e-06,-0,-1.463863802e-05,-0.0009385549943,0.03672751414,0.04150219013,0.04150219013,2
2026-07-19 00:00:00+00:00,0.0004675477102,2.991555661e-06,-2.909611346e-05,-5.290202448e-06,-0,-1.676578929e-05,0.0004193871606,0.05287714371,0.09482714243,0.09482714243,3
2026-07-20 00:00:00+00:00,0.000318931139,-9.593973887e-06,-1.723601847e-05,-3.133821539e-06,-0,-3.485484976e-06,0.0002854818401,0.03132852432,0.06378812613,0.06378812613,3
2026-07-21 00:00:00+00:00,0.001373121436,-6.432266707e-06,-3.169668189e-05,-5.763033072e-06,-0,-1.556294797e-05,0.001313666506,0.05755167547,0.1226239894,0.1226239894,4
2026-07-22 00:00:00+00:00,0.001359271855,-1.171285473e-05,-3.157064619e-05,-5.740117488e-06,-0,-8.528524055e-06,0.001301719713,0.05732392751,0.1811403389,0.1811403389,4
2026-07-23 00:00:00+00:00,-0.0004745800717,-2.203936177e-05,-6.103468426e-06,-1.109721532e-06,-0,-9.459258628e-07,-0.0005047785493,0.01110272915,0.1882249057,0.1882249057,4
2026-07-24 00:00:00+00:00,-0.00406808298,8.475865757e-06,-5.476187696e-05,-9.956704903e-06,-0,-2.187251295e-05,-0.004146198209,0.09997289972,0.08493457471,0.08493457471,4
2026-07-25 00:00:00+00:00,-0.001138050074,-2.969505254e-06,-4.279983174e-05,-7.78178759e-06,-0,-4.169525533e-05,-0.001233296454,0.07790676905,0.005985478288,0.005985478288,3
2026-07-26 00:00:00+00:00,3.016077842e-05,-4.048577514e-07,-3.308601486e-06,-6.015639066e-07,-0,-2.448153297e-06,2.339760197e-05,0.006015460071,0,0,1
2026-07-27 00:00:00+00:00,0,-0,-5.265895404e-05,-9.57435528e-06,-0,-8.376077028e-05,-0.0001459940796,0.0957435528,0.0957435528,0.0957435528,2
2026-07-28 00:00:00+00:00,-0.004053404905,-1.142849918e-05,-4.472188297e-05,-8.13125145e-06,-0,-8.417259291e-05,-0.004201859131,0.08164438532,0.01041998892,0.01041998892,2
2026-07-29 00:00:00+00:00,0.000163683315,-1.433825758e-07,-1.438986517e-05,-2.616339122e-06,-0,-7.689654041e-06,0.0001388440741,0.02615911316,0.03674105482,0.03674105482,2
2026-07-30 00:00:00+00:00,-0.0002890649717,-3.676715996e-06,-8.023582752e-06,-1.458833228e-06,-0,-6.155073575e-06,-0.0003083791772,0.01459260414,0.02187005985,0.02187005985,2
2026-07-31 00:00:00+00:00,8.611702523e-05,-4.131691708e-06,-6.700089569e-06,-1.218198104e-06,-0,-3.164189857e-06,7.090285599e-05,0.01218098237,0.03413535932,0.03413535932,2
2026-08-01 00:00:00+00:00,-0.001016503389,5.875371753e-07,-1.821537076e-05,-3.311885593e-06,-0,-5.809773435e-06,-0.001043252882,0.03315253611,0,0,2
2026-08-02 00:00:00+00:00,0,-0,-0,-0,-0,-0,0,0,0,0,0
2026-08-03 00:00:00+00:00,0,-0,-1.130446533e-06,-2.055357333e-07,-0,-6.137706124e-08,-1.397359328e-06,0.002055357333,0.002055357333,0.002055357333,1
2026-08-04 00:00:00+00:00,-2.710330156e-05,-1.400109415e-07,-1.115539717e-06,-2.028254031e-07,-0,-5.919286684e-08,-2.862087049e-05,0.002028309289,0,0,1
2026-08-05 00:00:00+00:00,0,-0,-0,-0,-0,-0,0,0,0,0,0
2026-08-06 00:00:00+00:00,0,-0,-1.031118447e-05,-1.874760812e-06,-0,-1.423958731e-06,-1.360990401e-05,0.01874760812,0.01874760812,0.01874760812,2
2026-08-07 00:00:00+00:00,-5.388479049e-05,-1.967257162e-06,-6.692891945e-06,-1.216889445e-06,-0,-6.831395328e-07,-6.444496858e-05,0.01216957414,0.02780282005,0.02780282005,2
2026-08-08 00:00:00+00:00,0.0001462445107,-2.163893484e-06,-9.359859716e-06,-1.701792676e-06,-0,-6.638374805e-07,0.0001323551273,0.01701547516,0.04496051338,0.04496051338,2
2026-08-09 00:00:00+00:00,5.698501094e-05,-1.392761512e-06,-2.097620793e-05,-3.813855987e-06,-0,-7.71210106e-06,2.309008445e-05,0.03813643978,0.08315143568,0.08315143568,4
2026-08-10 00:00:00+00:00,-0.0002099239899,-1.250419856e-05,-3.522872496e-05,-6.40522272e-06,-0,-8.675642097e-06,-0.0002727377782,0.06406647739,0.01889348694,0.01889348694,4
2026-08-11 00:00:00+00:00,-0.0002872346217,-3.170571666e-06,-9.348417477e-06,-1.699712269e-06,-0,-1.782260882e-06,-0.000303235584,0.01700206017,0.007460884747,0.007460884747,3
2026-08-12 00:00:00+00:00,0.0001862374194,-1.457389314e-06,-2.852975837e-05,-5.187228794e-06,-0,-7.066511667e-05,8.039792631e-05,0.05186270475,0.05950841414,0.05950841414,2
2026-08-13 00:00:00+00:00,-0.0007012672049,-1.400346835e-05,-1.016467572e-05,-1.848122858e-06,-0,-8.320938628e-06,-0.0007356044104,0.01849445712,0.04035478295,0.04035478295,2
2026-08-14 00:00:00+00:00,0.0009962994406,-3.64968657e-06,-2.028708478e-05,-3.688560869e-06,-0,-2.715724704e-05,0.0009415168613,0.0368490305,0.07815910646,0.07815910646,2
2026-08-15 00:00:00+00:00,0.0005145122146,-5.448848279e-06,-1.288074619e-05,-2.341953852e-06,-0,-1.00413962e-05,0.0004837992701,0.02340762256,0.08122181947,0.08122181947,2
2026-08-16 00:00:00+00:00,0.004538999616,-2.42934462e-06,-5.501004914e-06,-1.000182712e-06,-0,-6.635489819e-06,0.004523433594,0.009956658038,0.09533017417,0.09533017417,1
2026-08-17 00:00:00+00:00,-0.0008157346406,-1.475139115e-05,-2.532415236e-06,-4.604391338e-07,-0,-1.965994943e-06,-0.000835444881,0.004608218399,0.09920121609,0.09920121609,1
2026-08-18 00:00:00+00:00,0.001617238792,-1.101927108e-05,-1.133111023e-05,-2.06020186e-06,-0,-1.842079398e-06,0.001590986129,0.0205689803,0.1212257583,0.1212257583,2
2026-08-19 00:00:00+00:00,-3.250650189e-05,1.672314995e-05,-9.351669325e-06,-1.700303514e-06,-0,-1.901026405e-06,-2.873635118e-05,0.0170033035,0.1381984682,0.1381984682,3
2026-08-20 00:00:00+00:00,0.01624528736,-3.882773657e-06,-0.0001293128813,-2.351143297e-05,-0,-8.611674746e-05,0.01600246352,0.2313567707,0.3474403619,0.3474403619,5
2026-08-21 00:00:00+00:00,0.01113614251,-8.166699477e-05,-3.944625868e-05,-7.172047033e-06,-0,-9.51007968e-05,0.01091275641,0.07093630666,0.4044221883,0.4044221883,6
2026-08-22 00:00:00+00:00,0.03458848692,-0.0001078766437,-6.272004288e-05,-1.140364416e-05,-0,-0.000117433504,0.03428905309,0.1102354558,0.3547512328,0.3547512328,6
2026-08-23 00:00:00+00:00,-0.007842168807,-0.0001064253698,-1.176309271e-05,-2.138744128e-06,-0,-7.449541618e-06,-0.007969945555,0.02155880346,0.3573610241,0.3573610241,6
