pred,h,XS_IC,XS_t,TS_meanSignedFwd,TS_t,days
mom_1,1,-0.014641522860700942,-0.8540627153239724,0.0030598278592956947,0.10875942043712193,803
mom_1,5,-0.013912115281978301,-0.8379070840152985,0.03008438003196138,0.9635719847472185,803
mom_3,1,-0.017861590464330192,-1.113530243216964,0.03343567856318565,1.1554582272112615,803
mom_3,5,-0.016954278598114214,-0.681758920741839,0.032606348119372595,0.7570800251262713,803
mom_7,1,-0.0044653976160825455,-0.2669470899959367,0.050849287016448426,1.7252485585624888,803
mom_7,5,-0.0034157623198719116,-0.11603598381026387,0.05106999960987111,0.9824393071928689,803
mom_14,1,0.01156377868706636,0.6549087277158676,0.03345838768378021,1.1427341132590272,803
mom_14,5,0.03872976338729764,1.3563513722104403,0.05230701779600923,0.910125653410546,803
mom_28,1,0.030119195872620536,1.8435642026711596,0.04883053725019777,1.7550426002087507,803
mom_28,5,0.04958192492439068,1.5864833027536667,0.08220557140970261,1.443322496128293,803
mom_56,1,0.03049279487635652,1.7632948501538268,0.020816676200211107,0.752175185559272,803
mom_56,5,0.03196940046255116,0.9968659169119487,0.03467767969117068,0.6392587387463924,803
mom_112,1,0.03307240704500979,1.8344501673859768,0.015971652457703173,0.6055406592206529,803
mom_112,5,0.034353317914961774,0.9922536557286236,0.0040218479524389015,0.06900956447500876,803
fund_z,1,-0.0312399928838285,-1.843172701496641,0.010268107927978318,0.4200518279710543,803
fund_z,5,-0.04959971535314001,-1.7991229740793209,0.03452740126471698,0.7021067733588396,803
fund_lvl7,1,-0.015150802892195519,-0.9353998916278697,-0.02018420592324013,-0.9123940871768541,803
fund_lvl7,5,-0.012861558265719539,-0.42957678858855297,-0.028322824858522413,-0.6292401651490537,803
oi_chg1,1,-0.011225760540829036,-0.6687298151272991,-0.03508090048147403,-2.0299098018752533,803
oi_chg1,5,-0.00832592065468778,-0.5900655933903963,-0.008919684402976111,-0.58576981020411,803
oi_chg5,1,-0.01803949475182352,-1.223172758491681,-0.018813074363215613,-1.070003372788424,803
oi_chg5,5,-0.025351360967799334,-1.129060207789498,-0.039142941199094124,-1.1683597917098214,803
vol_surge,1,-0.006102117061021173,-0.3687324293197808,0.021329800667788907,0.8437767413731333,803
vol_surge,5,-0.011474826543319695,-0.4680099983894116,0.04248519047063035,1.1271193037360319,803
rv_ratio,1,0.02213129336417007,1.2907546275142032,0.0439264410998465,1.5893970932785912,803
rv_ratio,5,0.03654154065112969,1.0656989760477977,0.1204190632443559,2.1687977003728722,803
resid_z20,1,0.021401885785447425,1.2319046123354145,-0.003450499134673317,-0.28068915734505406,803
resid_z20,5,0.02261163494040206,0.7440383012686514,-0.005599018015312397,-0.25212242607739455,803
btc_lead,1,,,0.0009559663217409548,0.027934004669786485,803
btc_lead,5,,,0.016877516941798263,0.4700219691745326,803
dist_hi20,1,0.027165984700231273,1.6689415666440723,0.023583105710352523,0.8545268948061491,803
dist_hi20,5,0.0661626045187689,2.283293261834364,0.01179884764065534,0.21542731759613762,803
dist_lo20,1,0.0013520725849492969,0.08505299407857558,0.04138947824787115,1.464830558128742,803
dist_lo20,5,0.005746308486034512,0.20312250683310054,0.06704690266767735,1.2251501319666918,803
