ladder,kind,dev,pre,val,full6
"(5, 10, 20)",LS,0.4281465664461987,0.5878035503829208,0.2992012251877193,0.41358254764125857
"(5, 10, 20)",LF,0.11114934403383629,0.2560793974479503,-0.013330308618956954,0.05903687183203758
"(5, 10, 20)",MIX,0.3322691644203731,0.5215436550687659,0.17247616690089976,0.29375418987402946
"(5, 10, 20, 40)",LS,0.4863324974110347,0.6405430058086701,0.3607639618355909,0.48502609977715966
"(5, 10, 20, 40)",LF,0.27658580350133677,0.2789769597118768,0.27468945902884384,0.24802550087327394
"(5, 10, 20, 40)",MIX,0.4061076103297162,0.5368979275635732,0.29466796083462427,0.38827894654514156
"(5, 10, 20, 40, 80)",LS,0.4317732071731915,0.5510035569299226,0.3343716924381311,0.42204121675282275
"(5, 10, 20, 40, 80)",LF,0.21371265084491048,0.25202105232660216,0.1803400818625592,0.17311460434014625
"(5, 10, 20, 40, 80)",MIX,0.3510282364491052,0.44942330269744435,0.26703005415682013,0.3230821169810017
"(7, 14, 28)",LS,0.8427639928793151,1.3130997288792363,0.46000762144956825,0.814042408055561
"(7, 14, 28)",LF,0.7439432696292626,1.087078093265726,0.4360089661750396,0.7146052028723491
"(7, 14, 28)",MIX,0.8835956413355188,1.3572945236876597,0.47657828359162197,0.8474015863401944
"(7, 14, 28, 56)",LS,0.7888453206224763,1.1382457182451313,0.4986522233372558,0.7722869332380998
"(7, 14, 28, 56)",LF,0.700863841509257,1.2526303860635217,0.212507695477056,0.6912736578017705
"(7, 14, 28, 56)",MIX,0.8046330790341134,1.2570040347601055,0.416133439317983,0.7868207392062658
"(7, 14, 28, 56, 112)",LS,0.7960443877810481,1.1390465151542293,0.5132992647514556,0.7440463656181638
"(7, 14, 28, 56, 112)",LF,0.6545049556692776,1.240340721686324,0.12972464423897553,0.6165402080279406
"(7, 14, 28, 56, 112)",MIX,0.8477262111338264,1.258096751069696,0.4984199592154683,0.7937984365169278
"(10, 20, 40)",LS,0.4799329149944833,0.7413801855517347,0.2671926236821401,0.48175788922444357
"(10, 20, 40)",LF,0.3879748573106462,0.46297015571340006,0.3215030415559723,0.3544092313519089
"(10, 20, 40)",MIX,0.4525435095841753,0.6712220795758544,0.2635794510343622,0.43289040474325674
"(10, 20, 40, 80)",LS,0.4180982496937665,0.5915741036889207,0.27725779509764165,0.4081010569275125
"(10, 20, 40, 80)",LF,0.3243919331226242,0.48679792248246573,0.1764942472999731,0.2835932874240075
"(10, 20, 40, 80)",MIX,0.3973688359406887,0.5666434106443349,0.25301432481395447,0.3686785260822152
"(10, 20, 40, 80, 160)",LS,0.2952495360636828,0.35889097589823404,0.24307096982139048,0.24817082938543697
"(10, 20, 40, 80, 160)",LF,0.29803473490533605,0.3270480273484321,0.2724111710381222,0.23882154238747616
"(10, 20, 40, 80, 160)",MIX,0.2793243673815667,0.29679196151070975,0.2644673248482501,0.22451582692045374
"(14, 28, 56)",LS,0.7286778207910011,0.9555913715819105,0.540528603921658,0.7238102358667015
"(14, 28, 56)",LF,0.6625482518438155,1.2167442392558374,0.18492642924035277,0.643675759622166
"(14, 28, 56)",MIX,0.7376204484907749,1.1360184826653923,0.39375470623258485,0.7227484980681569
"(14, 28, 56, 112)",LS,0.7348826976571328,0.9640923099848437,0.5465118640169756,0.6845990521530251
"(14, 28, 56, 112)",LF,0.6522152872468318,1.1969214750407156,0.1548409288087771,0.6111658934450427
"(14, 28, 56, 112)",MIX,0.7981782552989161,1.1003838686100778,0.5407188843308792,0.7460149363080854
"(14, 28, 56, 112, 224)",LS,0.4955096947993335,0.8728184033568427,0.18944269706582742,0.4429533603396599
"(14, 28, 56, 112, 224)",LF,0.5260640425726294,0.9758908457483444,0.10980277976989233,0.47400948353716366
"(14, 28, 56, 112, 224)",MIX,0.6234228878246276,1.0056123665472476,0.30015706300426087,0.565135928446539
"(20, 40, 80)",LS,0.31543955479484215,0.4594908965923899,0.19857330629785955,0.3023899185980184
"(20, 40, 80)",LF,0.10432206122441778,0.5014256138631488,-0.24933372536354317,0.0574976151824543
"(20, 40, 80)",MIX,0.22084588570514604,0.4411347882759576,0.03356171542982552,0.189308109514007
"(20, 40, 80, 160)",LS,0.1766546489584953,0.17662172854880237,0.17659790824030894,0.12738263887113735
"(20, 40, 80, 160)",LF,0.10172129770995161,-0.004751389524708346,0.19499574982479712,0.044632771926539645
"(20, 40, 80, 160)",MIX,0.11858842361209727,0.1032710263396973,0.13171871827427786,0.06667885260619387
"(20, 40, 80, 160, 320)",LS,0.22589599842002842,0.2754973514326799,0.185202623361932,0.13775528588132332
"(20, 40, 80, 160, 320)",LF,0.050809255806375485,-0.1643100339300692,0.24006420532598216,-0.03398298154764295
"(20, 40, 80, 160, 320)",MIX,0.20658427768495452,0.10786561195492272,0.2901464907951641,0.12069659513664796
"(28, 56, 112)",LS,0.648820389295207,0.9369555473499821,0.4140171818914735,0.5902419352647051
"(28, 56, 112)",LF,0.5009744407916402,1.0130375689615072,0.0346734044311039,0.44959959689334705
"(28, 56, 112)",MIX,0.673963414516934,1.0103097772344036,0.39061252018613624,0.6157693315440598
"(28, 56, 112, 224)",LS,0.37580064974547367,0.8033751602381727,0.028277988616502638,0.31799331252839363
"(28, 56, 112, 224)",LF,0.5668200691396935,1.0135645467992083,0.17132303586880537,0.5021364903513552
"(28, 56, 112, 224)",MIX,0.5428347415861635,0.9740660403248295,0.177047270746031,0.4810347561715677
"(28, 56, 112, 224, 448)",LS,0.34114830429052134,0.6471143432746318,0.09179374967485408,0.23589580194181697
"(28, 56, 112, 224, 448)",LF,0.45991211820702127,0.8807643979879866,0.10047540313791449,0.3676117493085323
"(28, 56, 112, 224, 448)",MIX,0.44246818138646754,0.7987695251675428,0.14141372335208607,0.34662258823595615
