asof_ts,gross,funding,liquidation,fees,spread,slippage,impact,net,turnover,gross_leverage,net_leverage,n_trades,n_held,spot_notional,futures_wallet
2020-04-01 00:00:00+00:00,0.0002382991207,0.000105,0,-0,-0,-0,-0,0.0003432991207,0,0.703018765,0.0002382173409,0,1,0.3516284912,0.6483715088
2020-04-02 00:00:00+00:00,-5.418791386e-05,4.438761939e-05,0,-0,-0,-0,-0,-9.800294471e-06,0,0.718817439,0.0001840312306,0,1,0.3595007351,0.6404992649
2020-04-03 00:00:00+00:00,-0.0002937244065,5.328666719e-05,0,-0,-0,-0,-0,-0.0002404377393,0,0.7489118228,-0.0001097195566,0,1,0.3744010516,0.6255989484
2020-04-04 00:00:00+00:00,0.0002650345051,0.0001123532313,0,-0,-0,-0,-0,0.0003773877364,0,0.7485233086,0.0001552563567,0,1,0.3743392825,0.6256607175
2020-04-05 00:00:00+00:00,-1.119492505e-06,9.310072754e-05,0,-0,-0,-0,-0,9.198123503e-05,0,0.7632360037,0.0001541226878,0,1,0.3816950632,0.6183049368
2020-04-06 00:00:00+00:00,2.706194432e-05,8.986815313e-05,0,-0,-0,-0,-0,0.0001169300974,0,0.7555979388,0.0001811634486,0,1,0.3778895511,0.6221104489
2020-04-07 00:00:00+00:00,0.0002004235234,8.523745185e-05,0,-0,-0,-0,-0,0.0002856609752,0,0.9068451758,0.0003814779986,0,1,0.4536133269,0.5463866731
2020-04-08 00:00:00+00:00,-0.0002356509661,-6.424561458e-05,0,-0,-0,-0,-0,-0.0002998965807,0,0.8719153539,0.0001458707787,0,1,0.4360306124,0.5639693876
2020-04-09 00:00:00+00:00,-0.0004272339718,0.0001307654225,0,-0,-0,-0,-0,-0.0002964685493,0,0.917533998,-0.0002814466331,0,1,0.4586262757,0.5413737243
2020-04-10 00:00:00+00:00,0.0003724036359,0.0001376723167,0,-0,-0,-0,-0,0.0005100759526,0,0.8976814877,9.091063141e-05,0,1,0.4488861992,0.5511138008
2020-04-11 00:00:00+00:00,0.0001635998299,0.0001346385866,0,-0,-0,-0,-0,0.0002982384165,0,0.8352530047,0.0002544345791,0,1,0.4177537197,0.5822462803
2020-04-12 00:00:00+00:00,5.274340011e-05,7.755884219e-05,0,-0,-0,-0,-0,0.0001303022423,0,0.8378441704,0.0003071379585,0,1,0.4190756542,0.5809243458
2020-04-13 00:00:00+00:00,-0.0007148618043,9.206625829e-05,0,-0,-0,-0,-0,-0.000622795546,0,0.8404588278,-0.0004079779326,0,1,0.4200254249,0.5799745751
2020-04-14 00:00:00+00:00,0.0001333676805,0.0001261300209,0,-0,-0,-0,-0,0.0002594977014,0,0.8279275204,-0.0002745390099,0,1,0.4138264907,0.5861735093
2020-04-15 00:00:00+00:00,0.0002639549822,0.0001242303089,0,-0,-0,-0,-0,0.0003881852911,0,0.8387765112,-1.057992072e-05,0,1,0.4193829657,0.5806170343
2020-04-16 00:00:00+00:00,0.0001875961463,0.0001258180637,0,-0,-0,-0,-0,0.00031341421,0,0.8080564468,0.0001769607636,0,1,0.4041167038,0.5958832962
2020-04-17 00:00:00+00:00,-0.000193084176,7.05844307e-05,0,-0,-0,-0,-0,-0.0001224997453,0,0.9118709937,-1.612538777e-05,0,1,0.4559274341,0.5440725659
2020-04-18 00:00:00+00:00,0.0002917761253,0.0001367830679,0,-0,-0,-0,-0,0.0004285591931,0,0.9027242535,0.0002755326555,0,1,0.4514998931,0.5485001069
2020-04-19 00:00:00+00:00,-0.0005622597015,0.0001329036231,0,-0,-0,-0,-0,-0.0004293560784,0,0.9921132472,-0.0002868502069,0,1,0.4959131985,0.5040868015
2020-04-20 00:00:00+00:00,0.0003734896796,0.0001488600146,0,-0,-0,-0,-0,0.0005223496942,0,0.9522361643,8.65942402e-05,0,1,0.4761613793,0.5238386207
2020-04-21 00:00:00+00:00,-0.0001283269351,0.0001428224355,0,-0,-0,-0,-0,1.449550043e-05,0,0.9003527027,-4.173208997e-05,0,1,0.4501554853,0.5498445147
2020-04-22 00:00:00+00:00,0.0001849520397,0.0001350591652,0,-0,-0,-0,-0,0.0003200112049,0,0.902735316,0.0001431741324,0,1,0.4514392451,0.5485607549
2020-04-23 00:00:00+00:00,-3.123398765e-05,0.0001353888213,0,-0,-0,-0,-0,0.0001041548336,0,0.9659108019,0.0001119284869,0,1,0.4830113652,0.5169886348
2020-04-24 00:00:00+00:00,-0.0002390979247,0.000144869831,0,-0,-0,-0,-0,-9.422809368e-05,0,0.9811001679,-0.0001271814219,0,1,0.4904864932,0.5095135068
2020-04-25 00:00:00+00:00,-0.0001066086044,0.0001471841024,0,-0,-0,-0,-0,4.057549796e-05,0,0.9921655152,-0.0002337805406,0,1,0.4959658673,0.5040341327
2020-04-26 00:00:00+00:00,5.023456329e-05,0.0001488598944,0,-0,-0,-0,-0,0.0001990944577,0,1.026915828,-0.0001835094416,0,1,0.5133661593,0.4866338407
2020-04-27 00:00:00+00:00,-0.0001070194808,0.0001540649006,0,-0,-0,-0,-0,4.704541983e-05,0,1.043732622,-0.000290515255,0,1,0.5217210531,0.4782789469
2020-04-28 00:00:00+00:00,0.0001325979814,0.0001566034705,0,-0,-0,-0,-0,0.000289201452,0,1.037801968,-0.0001578716168,0,1,0.5188220482,0.4811779518
2020-04-29 00:00:00+00:00,-0.0001056746806,0.0001556939759,0,-0,-0,-0,-0,5.001929532e-05,0,1.037327263,-0.0002635331157,0,1,0.5185318648,0.4814681352
2020-04-30 00:00:00+00:00,-0.0001926439283,0.0001556386194,0,-0.00033980361,-0.0001753898661,-0,-0.0008438285572,-0.001396027342,0.4386049402,0.7,0,1,1,0.35,0.65
2020-05-01 00:00:00+00:00,-9.797871497e-06,0.0002119005,0,-0,-0,-0,-0,0.0002021026285,0,0.6697110003,-9.795891721e-06,0,1,0.3348506022,0.6651493978
2020-05-02 00:00:00+00:00,-9.115789017e-05,0.0002115346621,0,-0,-0,-0,-0,0.0001203767719,0,0.6890225211,-0.0001009416309,0,1,0.3444607898,0.6555392102
2020-05-03 00:00:00+00:00,0.0001805809679,0.0003947919406,0,-0,-0,-0,-0,0.0005753729085,0,0.6945510426,7.95935411e-05,0,1,0.3473153181,0.6526846819
2020-05-04 00:00:00+00:00,-4.261625473e-06,0.0002935079409,0,-0,-0,-0,-0,0.0002892463154,0,0.6812385401,7.531013245e-05,0,1,0.3406569251,0.6593430749
2020-05-05 00:00:00+00:00,-0.0002631169408,0.0001655635347,0,-0,-0,-0,-0,-9.755340616e-05,0,0.6705938516,-0.0001878251314,0,1,0.3352030132,0.6647969868
2020-05-06 00:00:00+00:00,0.0002420992178,0.0002171555061,0,-0,-0,-0,-0,0.0004592547239,0,0.6661820741,5.424917221e-05,0,1,0.3331181617,0.6668818383
2020-05-07 00:00:00+00:00,9.553805861e-06,0.0003040773602,0,-0,-0,-0,-0,0.000313631166,0,0.6454595207,6.378297375e-05,0,1,0.3227616518,0.6772383482
2020-05-08 00:00:00+00:00,-0.0002456458205,9.716755529e-05,0,-0,-0,-0,-0,-0.0001484782652,0,0.6880808836,-0.0001818898534,0,1,0.3439494969,0.6560505031
2020-05-09 00:00:00+00:00,0.0001451941778,0.0004049772572,0,-0,-0,-0,-0,0.000550171435,0,0.6853197296,-3.667549784e-05,0,1,0.342641527,0.657358473
2020-05-10 00:00:00+00:00,-0.000130942859,0.0002727067404,0,-0,-0,-0,-0,0.0001417638813,0,0.6813327363,-0.000167594598,0,1,0.3405825709,0.6594174291
2020-05-11 00:00:00+00:00,0.0003975291563,0.0001199951708,0,-0,-0,-0,-0,0.000517524327,0,0.6075658399,0.0002298156231,0,1,0.3038978278,0.6961021722
2020-05-12 00:00:00+00:00,3.048236984e-05,9.110040365e-05,0,-0,-0,-0,-0,0.0001215827735,0,0.6015962112,0.000260266349,0,1,0.3009282388,0.6990717612
2020-05-13 00:00:00+00:00,0.0001337774116,9.020039172e-05,0,-0,-0,-0,-0,0.0002239778034,0,0.6143840059,0.0003939555234,0,1,0.3073889807,0.6926110193
2020-05-14 00:00:00+00:00,-0.0001191722674,9.209850756e-05,0,-0,-0,-0,-0,-2.707375987e-05,0,0.6463351773,0.0002747906955,0,1,0.323304984,0.676695016
2020-05-15 00:00:00+00:00,0.0001981692871,9.690905798e-05,0,-0,-0,-0,-0,0.0002950783451,0,0.657962714,0.0004728204635,0,1,0.3292177672,0.6707822328
2020-05-16 00:00:00+00:00,-2.505298723e-05,3.461355545e-05,0,-0,-0,-0,-0,9.560568213e-06,0,0.6306778289,0.0004477631954,0,1,0.315562796,0.684437204
2020-05-17 00:00:00+00:00,-0.0001397732608,4.578621427e-05,0,-0,-0,-0,-0,-9.398704655e-05,0,0.6489838638,0.0003080188844,0,1,0.3246459414,0.6753540586
2020-05-18 00:00:00+00:00,2.30770286e-05,5.170919498e-05,0,-0,-0,-0,-0,7.478622358e-05,0,0.6701272424,0.0003310711534,0,1,0.3352291568,0.6647708432
2020-05-19 00:00:00+00:00,2.450614301e-05,0.0001004694257,0,-0,-0,-0,-0,0.0001249755687,0,0.6956357276,0.0003555328635,0,1,0.3479956302,0.6520043698
2020-05-20 00:00:00+00:00,-0.0003239891859,0.0001042920292,0,-0,-0,-0,-0,-0.0002196971566,0,0.6950437029,3.155060924e-05,0,1,0.3475376267,0.6524623733
2020-05-21 00:00:00+00:00,0.0002217591464,0.0001042518228,0,-0,-0,-0,-0,0.0003260109692,0,0.6796998687,0.0002532272008,0,1,0.3399765479,0.6600234521
2020-05-22 00:00:00+00:00,5.28987929e-05,0.0001019169962,0,-0,-0,-0,-0,0.0001548157891,0,0.6431502537,0.0003060786079,0,1,0.3217281661,0.6782718339
2020-05-23 00:00:00+00:00,4.142125806e-05,7.559204655e-05,0,-0,-0,-0,-0,0.0001170133046,0,0.6709391169,0.0003474592086,0,1,0.3356432881,0.6643567119
2020-05-24 00:00:00+00:00,1.537680055e-05,0.0001005887487,0,-0,-0,-0,-0,0.0001159655492,0,0.6683858822,0.0003627939375,0,1,0.3343743381,0.6656256619
2020-05-25 00:00:00+00:00,0.0001708705792,0.0001002034632,0,-0,-0,-0,-0,0.0002710740425,0,0.6463524057,0.0005335198934,0,1,0.3234429628,0.6765570372
2020-05-26 00:00:00+00:00,-0.0002380785035,9.687283287e-05,0,-0,-0,-0,-0,-0.0001412056706,0,0.6604369442,0.0002954831138,0,1,0.3303662137,0.6696337863
2020-05-27 00:00:00+00:00,-0.0001166313129,9.902121916e-05,0,-0,-0,-0,-0,-1.761009372e-05,0,0.6500140171,0.0001788549506,0,1,0.325096436,0.674903564
2020-05-28 00:00:00+00:00,7.246894351e-05,9.747527432e-05,0,-0,-0,-0,-0,0.0001699442178,0,0.6737775998,0.0002512811903,0,1,0.3370144405,0.6629855595
2020-05-29 00:00:00+00:00,-0.0001976745164,0.0001010289478,0,-0,-0,-0,-0,-9.664556856e-05,0,0.7126174054,5.36118553e-05,0,1,0.3563355086,0.6436644914
2020-05-30 00:00:00+00:00,0.0002107080022,0.000106884569,0,-0,-0,-0,-0,0.0003175925712,0,0.7136687507,0.0002642359381,0,1,0.3569664933,0.6430335067
2020-05-31 00:00:00+00:00,-0.0001374993714,0.0001070106772,0,-0,-0,-0,-0,-3.048869419e-05,0,0.7882097594,0.0001267404309,0,1,0.3941682499,0.6058317501
2020-06-01 00:00:00+00:00,0.000148958816,0.0001182124528,0,-0,-0,-0,-0,0.0002671712688,0,0.7487448243,0.0002756256076,0,1,0.3745102249,0.6254897751
2020-06-02 00:00:00+00:00,-0.001097684404,0.0001122703798,0,-0,-0,-0,-0,-0.0009854140247,0,0.8045225906,-0.0008228696642,0,1,0.4018498605,0.5981501395
2020-06-03 00:00:00+00:00,0.001040512189,0.0002536274458,0,-0,-0,-0,-0,0.001294139634,0,0.7684267919,0.0002173612287,0,1,0.3843220766,0.6156779234
2020-06-04 00:00:00+00:00,3.946716092e-05,0.0001152314146,0,-0,-0,-0,-0,0.0001546985755,0,0.7902854578,0.0002567886647,0,1,0.3952711232,0.6047288768
2020-06-05 00:00:00+00:00,-0.000114458517,0.0001185043004,0,-0,-0,-0,-0,4.045783396e-06,0,0.786161457,0.0001423295719,0,1,0.3931518933,0.6068481067
2020-06-06 00:00:00+00:00,-5.180339744e-05,0.0001179028691,0,-0,-0,-0,-0,6.609947167e-05,0,0.7758809585,9.052019115e-05,0,1,0.3879857393,0.6120142607
2020-06-07 00:00:00+00:00,-1.414785838e-05,0.0001163685657,0,-0,-0,-0,-0,0.0001022207074,0,0.7819898386,7.636452673e-05,0,1,0.3910331016,0.6089668984
2020-06-08 00:00:00+00:00,1.890288285e-05,0.0001172870211,0,-0,-0,-0,-0,0.000136189904,0,0.7903323979,9.525443689e-05,0,1,0.3952138262,0.6047861738
2020-06-09 00:00:00+00:00,-0.0002403137821,0.0002163313692,0,-0,-0,-0,-0,-2.398241292e-05,0,0.7965387679,-0.0001450628242,0,1,0.3981968525,0.6018031475
2020-06-10 00:00:00+00:00,0.0001103209377,0.0001748800677,0,-0,-0,-0,-0,0.0002852010054,0,0.7878002605,-3.473198088e-05,0,1,0.3938827643,0.6061172357
2020-06-11 00:00:00+00:00,2.032279696e-05,0.0001181752489,0,-0,-0,-0,-0,0.0001384980458,0,0.8005292251,-1.440718855e-05,0,1,0.400257409,0.599742591
2020-06-12 00:00:00+00:00,0.000304741272,0.0001739461231,0,-0,-0,-0,-0,0.0004786873951,0,0.7440732819,0.0002901951707,0,1,0.3721817386,0.6278182614
2020-06-13 00:00:00+00:00,0.0001041975999,0.000111567463,0,-0,-0,-0,-0,0.0002157650629,0,0.7665372782,0.0003943076927,0,1,0.383465793,0.616534207
2020-06-14 00:00:00+00:00,-0.0002413933666,0.0001149214456,0,-0,-0,-0,-0,-0.000126471921,0,0.7686838519,0.0001529336679,0,1,0.3844183928,0.6155816072
2020-06-15 00:00:00+00:00,-0.0001518563643,0.0001152796377,0,-0,-0,-0,-0,-3.657672652e-05,0,0.7483917652,1.077343065e-06,0,1,0.3741964213,0.6258035787
2020-06-16 00:00:00+00:00,0.000241065625,0.0001122586032,0,-0,-0,-0,-0,0.0003533242282,0,0.7449490716,0.0002420574433,0,1,0.3725955645,0.6274044355
2020-06-17 00:00:00+00:00,0.0001336871507,0.0001117060521,0,-0,-0,-0,-0,0.0002453932028,0,0.7589609807,0.0003756524115,0,1,0.3796683165,0.6203316835
2020-06-18 00:00:00+00:00,-1.76764216e-05,0.0001137877992,0,-0,-0,-0,-0,9.611137764e-05,0,0.7541300686,0.0003579415876,0,1,0.3772440051,0.6227559949
2020-06-19 00:00:00+00:00,-9.941357802e-05,0.0001130658191,0,-0,-0,-0,-0,1.365224103e-05,0,0.7459909835,0.0002585244801,0,1,0.373124754,0.626875246
2020-06-20 00:00:00+00:00,2.986723854e-05,0.0001118598689,0,-0,-0,-0,-0,0.0001417271074,0,0.7385317333,0.0002883508515,0,1,0.3694100421,0.6305899579
2020-06-21 00:00:00+00:00,1.6005685e-05,0.0001107365074,0,-0,-0,-0,-0,0.0001267421924,0,0.7380672916,0.0003043179666,0,1,0.3691858048,0.6308141952
2020-06-22 00:00:00+00:00,-0.000129842033,0.000110664446,0,-0,-0,-0,-0,-1.9177587e-05,0,0.7354692404,0.0001744792797,0,1,0.3678218598,0.6321781402
2020-06-23 00:00:00+00:00,6.417004085e-05,0.0001102942142,0,-0,-0,-0,-0,0.000174464255,0,0.783947758,0.000238607692,0,1,0.3920931829,0.6079068171
2020-06-24 00:00:00+00:00,4.835972938e-05,0.0001175563726,0,-0,-0,-0,-0,0.0001659161019,0,0.7838016068,0.0002869198168,0,1,0.3920442633,0.6079557367
2020-06-25 00:00:00+00:00,2.326077603e-05,0.000117527203,0,-0,-0,-0,-0,0.0001407879791,0,0.7560672377,0.0003101369293,0,1,0.3781886873,0.6218113127
2020-06-26 00:00:00+00:00,-6.662442317e-05,0.0001133635651,0,-0,-0,-0,-0,4.673914195e-05,0,0.7493921053,0.0002435011251,0,1,0.3748178032,0.6251821968
2020-06-27 00:00:00+00:00,-3.521677101e-05,0.0001123722906,0,-0,-0,-0,-0,7.715551962e-05,0,0.7401488915,0.000208268285,0,1,0.3701785799,0.6298214201
2020-06-28 00:00:00+00:00,2.310800743e-05,0.0001109910935,0,-0,-0,-0,-0,0.0001340991009,0,0.7119815907,0.0002313452692,0,1,0.356106468,0.643893532
2020-06-29 00:00:00+00:00,-4.414404842e-05,0.0001067625368,0,-0,-0,-0,-0,6.26184884e-05,0,0.7248423432,0.0001871894993,0,1,0.3625147664,0.6374852336
2020-06-30 00:00:00+00:00,1.924740087e-05,0.0001086982731,0,-0,-0,-0,-0,0.0001279456739,0,0.7343992015,0.0002064104908,0,1,0.367302806,0.632697194
2020-07-01 00:00:00+00:00,9.418623687e-05,0.0001101289187,0,-0,-0,-0,-0,0.0002043151555,0,0.7266470909,0.0003005353238,0,1,0.3634738131,0.6365261869
2020-07-02 00:00:00+00:00,-0.0001231660721,0.0001089519833,0,-0,-0,-0,-0,-1.421408872e-05,0,0.7441489536,0.0001773717729,0,1,0.3721631627,0.6278368373
2020-07-03 00:00:00+00:00,-6.914629698e-05,0.0001115957373,0,-0,-0,-0,-0,4.24494403e-05,0,0.7295899681,0.000108220882,0,1,0.3648490945,0.6351509055
2020-07-04 00:00:00+00:00,0.0001915419001,0.0001094222621,0,-0,-0,-0,-0,0.0003009641622,0,0.7240572215,0.0002996725914,0,1,0.3621784471,0.6378215529
2020-07-05 00:00:00+00:00,-0.000108170384,0.0001085636323,0,-0,-0,-0,-0,3.932483592e-07,0,0.7380163697,0.0001915021321,0,1,0.3691039359,0.6308960641
2020-07-06 00:00:00+00:00,-3.387591477e-05,0.0001106737301,0,-0,-0,-0,-0,7.679781537e-05,0,0.7328077972,0.0001576141129,0,1,0.3664827056,0.6335172944
2020-07-07 00:00:00+00:00,4.687828622e-05,0.0001098975275,0,-0,-0,-0,-0,0.0001567758137,0,0.777861479,0.0002044603447,0,1,0.3890329697,0.6109670303
2020-07-08 00:00:00+00:00,-5.058755649e-05,0.0001166485528,0,-0,-0,-0,-0,6.606099631e-05,0,0.7707439082,0.0001538626239,0,1,0.3854488854,0.6145511146
2020-07-09 00:00:00+00:00,-0.0002012729038,0.0001155885068,0,-0,-0,-0,-0,-8.568439696e-05,0,0.795358488,-4.741434256e-05,0,1,0.3976555368,0.6023444632
2020-07-10 00:00:00+00:00,0.0002522762238,0.0001311107319,0,-0,-0,-0,-0,0.0003833869557,0,0.7788015714,0.00020478337,0,1,0.3895031774,0.6104968226
2020-07-11 00:00:00+00:00,-0.0001294412793,0.0001167895182,0,-0,-0,-0,-0,-1.265176106e-05,0,0.7766229419,7.534304396e-05,0,1,0.3883491425,0.6116508575
2020-07-12 00:00:00+00:00,7.826659428e-05,0.0001164821398,0,-0,-0,-0,-0,0.0001947487341,0,0.7697307347,0.0001535797288,0,1,0.3849421572,0.6150578428
2020-07-13 00:00:00+00:00,5.201323097e-05,0.0001154365732,0,-0,-0,-0,-0,0.0001674498042,0,0.7811352926,0.000205558539,0,1,0.3906704256,0.6093295744
2020-07-14 00:00:00+00:00,-0.0001160021631,0.0001284590366,0,-0,-0,-0,-0,1.245687348e-05,0,0.7706538971,8.955526031e-05,0,1,0.3853717262,0.6146282738
2020-07-15 00:00:00+00:00,-3.117783433e-05,0.0001155846513,0,-0,-0,-0,-0,8.440681695e-05,0,0.7736448214,5.837249894e-05,0,1,0.386851597,0.613148403
2020-07-16 00:00:00+00:00,0.0002231913381,0.0001160379673,0,-0,-0,-0,-0,0.0003392293055,0,0.7672726578,0.0002814683547,0,1,0.3837770631,0.6162229369
2020-07-17 00:00:00+00:00,-0.0003106611265,0.0001150486784,0,-0,-0,-0,-0,-0.000195612448,0,0.7515177909,-2.919848331e-05,0,1,0.3757442962,0.6242557038
2020-07-18 00:00:00+00:00,0.0001919781242,0.0001127320484,0,-0,-0,-0,-0,0.0003047101726,0,0.7482021662,0.0001627300554,0,1,0.3741824481,0.6258175519
2020-07-19 00:00:00+00:00,5.13493183e-05,0.0001122059154,0,-0,-0,-0,-0,0.0001635552337,0,0.7576761608,0.0002140443656,0,1,0.3789451026,0.6210548974
2020-07-20 00:00:00+00:00,-9.282075631e-05,0.0001136193175,0,-0,-0,-0,-0,2.079856116e-05,0,0.7688156735,0.0001212210881,0,1,0.3844684473,0.6155315527
2020-07-21 00:00:00+00:00,9.317398466e-05,0.0001153041679,0,-0,-0,-0,-0,0.0002084781525,0,0.7585952787,0.0002143503853,0,1,0.3794048146,0.6205951854
2020-07-22 00:00:00+00:00,9.033178881e-05,0.0001137571393,0,-0,-0,-0,-0,0.0002040889281,0,0.7891451125,0.0003046200046,0,1,0.3947248663,0.6052751337
2020-07-23 00:00:00+00:00,-0.0008805246506,0.0001183260739,0,-0,-0,-0,-0,-0.0007621985767,0,0.849015981,-0.0005763439345,0,1,0.4242198185,0.5757801815
2020-07-24 00:00:00+00:00,0.0004460863778,0.0007740083438,0,-0,-0,-0,-0,0.001220094722,0,0.8846784996,-0.0001300988238,0,1,0.4422742004,0.5577257996
2020-07-25 00:00:00+00:00,-6.020078628e-05,0.0008644491526,0,-0,-0,-0,-0,0.0008042483663,0,0.8963879647,-0.0001901466849,0,1,0.448098909,0.551901091
2020-07-26 00:00:00+00:00,-0.0001011061626,0.0003372209592,0,-0,-0,-0,-0,0.0002361147966,0,0.9800825739,-0.0002911840947,0,1,0.4898956949,0.5101043051
2020-07-27 00:00:00+00:00,-4.212966262e-05,0.001092597142,0,-0,-0,-0,-0,0.001050467479,0,0.997500509,-0.0003329639895,0,1,0.4985837725,0.5014162275
2020-07-28 00:00:00+00:00,2.740479258e-05,0.001186498837,0,-0.0008001328952,-0.0004129767453,-0,-0.0008158098252,-0.0008150158362,1.031266395,1.4,0,2,2,0.7,0.3
2020-07-29 00:00:00+00:00,6.848517568e-05,0.002477055,0,-0,-0,-0,-0,0.002545540176,0,1.377355768,6.831128656e-05,0,2,0.6887120397,0.3112879603
2020-07-30 00:00:00+00:00,8.053687971e-05,0.001608786372,0,-0,-0,-0,-0,0.001689323251,0,1.389264167,0.0001485971377,0,2,0.6947063821,0.3052936179
2020-07-31 00:00:00+00:00,6.114530241e-06,0.001372373669,0,-0,-0,-0,-0,0.0013784882,0,1.424391359,0.0001544986933,0,2,0.7122729289,0.2877270711
2020-08-01 00:00:00+00:00,0.0005244783235,0.001428633982,0,-0,-0,-0,-0,0.001953112306,0,1.460677298,0.0006776534834,0,2,0.7306774755,0.2693225245
2020-08-02 00:00:00+00:00,-0.0001476290984,0.0008810284754,0,-0,-0,-0,-0,0.000733399377,0,1.576767884,0.0005296359503,0,2,0.78864876,0.21135124
2020-08-03 00:00:00+00:00,-0.0002016772269,0.001819593718,0,-0,-0,-0,-0,0.001617916491,0,1.497172047,0.0003274289707,0,2,0.7487497378,0.2512502622
2020-08-04 00:00:00+00:00,0.0002430930394,0.0009393922143,0,-0,-0,-0,-0,0.001182485254,0,1.533552288,0.000569848173,0,2,0.767061068,0.232938932
2020-08-05 00:00:00+00:00,-0.0002691781878,0.0009934831567,0,-0,-0,-0,-0,0.000724304969,0,1.538851513,0.0003004523661,0,2,0.7695759829,0.2304240171
2020-08-06 00:00:00+00:00,0.0003368135537,0.001038553621,0,-0,-0,-0,-0,0.001375367175,0,1.594874223,0.000636390649,0,2,0.7977553069,0.2022446931
2020-08-07 00:00:00+00:00,-0.0001194369846,0.001228931492,0,-0,-0,-0,-0,0.001109494508,0,1.581570026,0.0005163807428,0,2,0.7910432034,0.2089567966
2020-08-08 00:00:00+00:00,0.0001990184238,0.0008265777445,0,-0,-0,-0,-0,0.001025596168,0,1.536196106,0.0007146662077,0,2,0.7684553862,0.2315446138
2020-08-09 00:00:00+00:00,-0.000216631567,0.0004123220511,0,-0,-0,-0,-0,0.0001956904841,0,1.584431159,0.0004979371991,0,2,0.7924645479,0.2075354521
2020-08-10 00:00:00+00:00,4.033056434e-05,0.0006510051679,0,-0,-0,-0,-0,0.0006913357322,0,1.563577022,0.0005378958968,0,2,0.7820574589,0.2179425411
2020-08-11 00:00:00+00:00,3.883672502e-05,0.001438237192,0,-0,-0,-0,-0,0.001477073917,0,1.585725375,0.0005758820016,0,2,0.7931506283,0.2068493717
2020-08-12 00:00:00+00:00,0.0001554572034,0.0009995514591,0,-0,-0,-0,-0,0.001155008663,0,1.517469107,0.0007304954764,0,2,0.7590998014,0.2409001986
2020-08-13 00:00:00+00:00,-6.718524394e-05,0.0004811661681,0,-0,-0,-0,-0,0.0004139809242,0,1.545078742,0.0006630357483,0,2,0.7728708887,0.2271291113
2020-08-14 00:00:00+00:00,-0.0006792503799,0.0007018491566,0,-0.0001850961437,-9.553375503e-05,-0,-0.0001398719096,-0.0003979030316,0.2388330439,1.4,0,2,2,0.7,0.3
2020-08-15 00:00:00+00:00,0.0001568207468,0.001739395,0,-0,-0,-0,-0,0.001896215747,0,1.418372079,0.0001565239436,0,2,0.7092643013,0.2907356987
2020-08-16 00:00:00+00:00,0.000260780894,0.001101086628,0,-0,-0,-0,-0,0.001361867522,0,1.412107702,0.0004167372966,0,2,0.7062622196,0.2937377804
2020-08-17 00:00:00+00:00,-0.000217573345,0.001136196697,0,-0,-0,-0,-0,0.0009186233515,0,1.416631311,0.0001989811629,0,2,0.7084151459,0.2915848541
2020-08-18 00:00:00+00:00,-8.646820575e-05,0.001388010997,0,-0,-0,-0,-0,0.001301542791,0,1.432273558,0.000112366707,0,2,0.7161929625,0.2838070375
2020-08-19 00:00:00+00:00,3.629315064e-05,0.002049737524,0,-0,-0,-0,-0,0.002086030675,0,1.394803341,0.0001483503942,0,2,0.6974758455,0.3025241545
2020-08-20 00:00:00+00:00,0.0003441140259,0.0008822617129,0,-0,-0,-0,-0,0.001226375739,0,1.357852064,0.0004918612135,0,2,0.6791719624,0.3208280376
2020-08-21 00:00:00+00:00,2.948266224e-05,0.0004277404428,0,-0,-0,-0,-0,0.000457223105,0,1.376882002,0.0005211056142,0,2,0.6887015538,0.3112984462
2020-08-22 00:00:00+00:00,-7.689067723e-05,0.0002441006168,0,-0,-0,-0,-0,0.0001672099396,0,1.312075069,0.0004441406722,0,2,0.656259605,0.343740395
2020-08-23 00:00:00+00:00,7.025586189e-05,0.0001967446393,0,-0,-0,-0,-0,0.0002670005012,0,1.331272194,0.0005142592266,0,2,0.6658932264,0.3341067736
2020-08-24 00:00:00+00:00,-3.245553822e-05,0.0003007172987,0,-0,-0,-0,-0,0.0002682617604,0,1.322679726,0.0004816744736,0,2,0.6615807004,0.3384192996
2020-08-25 00:00:00+00:00,7.56244856e-05,0.0003768439639,0,-0,-0,-0,-0,0.0004524684495,0,1.355582376,0.000557046913,0,2,0.6780697112,0.3219302888
2020-08-26 00:00:00+00:00,-9.078448264e-05,0.0003669003734,0,-0,-0,-0,-0,0.0002761158908,0,1.289655632,0.0004661337235,0,2,0.6450608827,0.3549391173
2020-08-27 00:00:00+00:00,9.986932168e-05,0.0002974573827,0,-0,-0,-0,-0,0.0003973267044,0,1.302144489,0.0005657782463,0,2,0.6513551336,0.3486448664
2020-08-28 00:00:00+00:00,-0.0001153883145,0.0001992610438,0,-0,-0,-0,-0,8.387272939e-05,0,1.290308066,0.0004503521596,0,2,0.6453792091,0.3546207909
2020-08-29 00:00:00+00:00,0.0004201263898,0.0002004271717,0,-0,-0,-0,-0,0.0006205535614,0,1.319923474,0.0008699387058,0,2,0.6603967065,0.3396032935
2020-08-30 00:00:00+00:00,-5.649334532e-06,0.0001978580303,0,-0,-0,-0,-0,0.0001922086958,0,1.321857167,0.0008641232793,0,2,0.6613606454,0.3386393546
2020-08-31 00:00:00+00:00,-0.0001409348244,0.0001981489566,0,-0,-0,-0,-0,5.72141322e-05,0,1.385672462,0.0007231470806,0,2,0.6931978047,0.3068021953
2020-09-01 00:00:00+00:00,-0.0002158595708,0.0002265059681,0,-0,-0,-0,-0,1.064639729e-05,0,1.390155212,0.0005072821091,0,2,0.6953312472,0.3046687528
2020-09-02 00:00:00+00:00,0.0001063632157,0.0005982277319,0,-0,-0,-0,-0,0.0007045909476,0,1.472795543,0.0006132132603,0,2,0.7367043781,0.2632956219
2020-09-03 00:00:00+00:00,-0.0001068884089,0.0008430520918,0,-0,-0,-0,-0,0.0007361636828,0,1.382143981,0.0005059523876,0,2,0.6913249669,0.3086750331
2020-09-04 00:00:00+00:00,0.0001443252223,0.0003345181196,0,-0,-0,-0,-0,0.0004788433419,0,1.213753791,0.0006499663778,0,2,0.6072018788,0.3927981212
2020-09-05 00:00:00+00:00,0.0001962058328,0.0002214210332,0,-0,-0,-0,-0,0.000417626866,0,1.237213511,0.0008458189739,0,2,0.619029665,0.380970335
2020-09-06 00:00:00+00:00,-1.053893094e-05,0.0001854551538,0,-0,-0,-0,-0,0.0001749162229,0,1.138977304,0.0008351339645,0,2,0.5699062189,0.4300937811
2020-09-07 00:00:00+00:00,-8.5060918e-06,0.0001707213255,0,-0,-0,-0,-0,0.0001622152337,0,1.172947045,0.0008264938028,0,2,0.5868867693,0.4131132307
2020-09-08 00:00:00+00:00,-0.0001031570314,0.0001657515355,0,-0,-0,-0,-0,6.259450407e-05,0,1.181124854,0.0007232914973,0,2,0.5909240728,0.4090759272
2020-09-09 00:00:00+00:00,3.108640106e-05,0.0001770602344,0,-0,-0,-0,-0,0.0002081466355,0,1.14008687,0.0007542209099,0,2,0.5704205453,0.4295794547
2020-09-10 00:00:00+00:00,0.0001949198751,0.0001708998973,0,-0,-0,-0,-0,0.0003658197725,0,1.166746457,0.0009487936975,0,2,0.5838476253,0.4161523747
2020-09-11 00:00:00+00:00,9.211094208e-05,0.0001650325012,0,-0,-0,-0,-0,0.0002571434433,0,1.200964778,0.001040637047,0,2,0.6010027073,0.3989972927
2020-09-12 00:00:00+00:00,-6.435996813e-05,0.0001501174127,0,-0,-0,-0,-0,8.575744459e-05,0,1.213162846,0.0009761933626,0,2,0.6070695195,0.3929304805
2020-09-13 00:00:00+00:00,5.72258643e-05,0.0001628631161,0,-0,-0,-0,-0,0.0002200889804,0,1.238903109,0.001033191833,0,2,0.6199681505,0.3800318495
2020-09-14 00:00:00+00:00,7.73827026e-05,0.0001856804876,0,-0,-0,-0,-0,0.0002630631902,0,1.197525532,0.001110282461,0,2,0.5993179073,0.4006820927
2020-09-15 00:00:00+00:00,-5.433028025e-05,0.0001519135069,0,-0,-0,-0,-0,9.758322662e-05,0,1.234636738,0.001055849147,0,2,0.6178462937,0.3821537063
2020-09-16 00:00:00+00:00,1.610497062e-05,-2.5353065e-06,0,-0,-0,-0,-0,1.356966412e-05,0,1.220055633,0.001071939572,0,2,0.6105637865,0.3894362135
2020-09-17 00:00:00+00:00,5.675153371e-05,3.847883492e-05,0,-0,-0,-0,-0,9.523036863e-05,0,1.231447673,0.001128583631,0,2,0.6162881283,0.3837118717
2020-09-18 00:00:00+00:00,-3.019693172e-05,9.659642574e-05,0,-0,-0,-0,-0,6.639949402e-05,0,1.269908989,0.001098313771,0,2,0.6355036511,0.3644963489
2020-09-19 00:00:00+00:00,-7.409829202e-05,0.0001582955729,0,-0,-0,-0,-0,8.419728085e-05,0,1.261429968,0.00102412925,0,2,0.6312270487,0.3687729513
2020-09-20 00:00:00+00:00,0.0002746044759,3.12559316e-06,0,-0,-0,-0,-0,0.0002777300691,0,1.270804355,0.001298373129,0,2,0.6360513641,0.3639486359
2020-09-21 00:00:00+00:00,-0.0001331212734,-1.649913153e-05,0,-0,-0,-0,-0,-0.0001496204049,0,1.238712345,0.001165426227,0,2,0.6199388857,0.3800611143
2020-09-22 00:00:00+00:00,-0.0001779181249,1.028123963e-05,0,-0,-0,-0,-0,-0.0001676368853,0,1.159934217,0.0009876736729,0,2,0.5804609455,0.4195390545
2020-09-23 00:00:00+00:00,0.000103432789,3.16210118e-05,0,-0,-0,-0,-0,0.0001350538008,0,1.172486003,0.001090959124,0,2,0.5867884809,0.4132115191
2020-09-24 00:00:00+00:00,-0.0001796160285,4.859270847e-05,0,-0,-0,-0,-0,-0.00013102332,0,1.117878802,0.0009114625181,0,2,0.5593951324,0.4406048676
2020-09-25 00:00:00+00:00,0.000381709688,5.422705032e-05,0,-0,-0,-0,-0,0.0004359367383,0,1.191720569,0.00129260871,0,2,0.5965065889,0.4034934111
2020-09-26 00:00:00+00:00,-0.0003666907452,3.813954074e-05,0,-0,-0,-0,-0,-0.0003285512045,0,1.194361297,0.0009262222767,0,2,0.5976437595,0.4023562405
2020-09-27 00:00:00+00:00,-2.68599263e-05,0.0001790152612,0,-0,-0,-0,-0,0.0001521553349,0,1.199899572,0.0008992255284,0,2,0.6003993986,0.3996006014
2020-09-28 00:00:00+00:00,0.000168186417,0.0001798500519,0,-0,-0,-0,-0,0.0003480364689,0,1.207767224,0.001067040576,0,2,0.6044171322,0.3955828678
2020-09-29 00:00:00+00:00,-3.724698449e-05,0.0001810050275,0,-0,-0,-0,-0,0.000143758043,0,1.197346603,0.001029645572,0,2,0.5991881244,0.4008118756
2020-09-30 00:00:00+00:00,-3.78539089e-05,0.0001389852031,0,-0,-0,-0,-0,0.0001011312942,0,1.215141637,0.0009916913722,0,2,0.6080666643,0.3919333357
2020-10-01 00:00:00+00:00,2.536609668e-05,0.0001522182045,0,-0,-0,-0,-0,0.0001775843012,0,1.21123475,0.001016876887,0,2,0.6061258135,0.3938741865
2020-10-02 00:00:00+00:00,0.0002320678911,0.0001732165296,0,-0,-0,-0,-0,0.0004052844207,0,1.190017144,0.001248438806,0,2,0.5956327916,0.4043672084
2020-10-03 00:00:00+00:00,-0.0001537696483,5.596001891e-05,0,-0,-0,-0,-0,-9.780962943e-05,0,1.175699943,0.001094776237,0,2,0.5883973598,0.4116026402
2020-10-04 00:00:00+00:00,-1.371061671e-06,6.577339417e-05,0,-0,-0,-0,-0,6.44023325e-05,0,1.174538285,0.001093334762,0,2,0.5878158101,0.4121841899
2020-10-05 00:00:00+00:00,9.225439506e-06,1.480506029e-05,0,-0,-0,-0,-0,2.40304998e-05,0,1.192169298,0.001102533707,0,2,0.5966359157,0.4033640843
2020-10-06 00:00:00+00:00,5.083781369e-05,-3.518251442e-05,0,-0,-0,-0,-0,1.565529927e-05,0,1.20145391,0.001153353465,0,2,0.601303632,0.398696368
2020-10-07 00:00:00+00:00,-0.0001159354249,9.72887254e-06,0,-0,-0,-0,-0,-0.0001062065523,0,1.169612081,0.001037528232,0,2,0.5853248046,0.4146751954
2020-10-08 00:00:00+00:00,0.0001070330341,1.11961583e-05,0,-0,-0,-0,-0,0.0001182291924,0,1.174605759,0.001144425962,0,2,0.5878750923,0.4121249077
2020-10-09 00:00:00+00:00,-0.0002661055461,0.0001287697383,0,-0,-0,-0,-0,-0.0001373358078,0,1.205339604,0.0008784410571,0,2,0.6031090225,0.3968909775
2020-10-10 00:00:00+00:00,-6.006877945e-05,0.0001683393454,0,-0,-0,-0,-0,0.000108270566,0,1.235356541,0.0008182836816,0,2,0.6180874123,0.3819125877
2020-10-11 00:00:00+00:00,-0.0001495117827,0.0002596713839,0,-0,-0,-0,-0,0.0001101596012,0,1.258433878,0.0006686982353,0,2,0.6295512883,0.3704487117
2020-10-12 00:00:00+00:00,-1.999667008e-05,0.0002040089113,0,-0,-0,-0,-0,0.0001840122412,0,1.268538808,0.0006485822181,0,2,0.6345936953,0.3654063047
2020-10-13 00:00:00+00:00,-1.406677586e-05,0.0001901835339,0,-0,-0,-0,-0,0.0001761167581,0,1.297611275,0.0006344037132,0,2,0.6491228393,0.3508771607
2020-10-14 00:00:00+00:00,0.0001985827746,0.00023175715,0,-0,-0,-0,-0,0.0004303399246,0,1.281723585,0.0008326281746,0,2,0.6412781064,0.3587218936
2020-10-15 00:00:00+00:00,-3.098336759e-07,0.0001921336435,0,-0,-0,-0,-0,0.0001918238098,0,1.277520576,0.000832158713,0,2,0.6391763672,0.3608236328
2020-10-16 00:00:00+00:00,0.0001258161685,0.0001915032626,0,-0,-0,-0,-0,0.0003173194311,0,1.280375636,0.000957670994,0,2,0.6406666537,0.3593333463
2020-10-17 00:00:00+00:00,-3.768800734e-05,0.0001919126948,0,-0,-0,-0,-0,0.0001542246875,0,1.249757285,0.0009198411244,0,2,0.6253385628,0.3746614372
2020-10-18 00:00:00+00:00,8.444177549e-05,0.0001873256165,0,-0,-0,-0,-0,0.000271767392,0,1.256273815,0.001004010043,0,2,0.6286389127,0.3713610873
2020-10-19 00:00:00+00:00,-0.0002308032506,0.0001882904708,0,-0,-0,-0,-0,-4.25127798e-05,0,1.280713333,0.0007732396647,0,2,0.6407432863,0.3592567137
2020-10-20 00:00:00+00:00,0.0001449566123,0.000191991014,0,-0,-0,-0,-0,0.0003369476263,0,1.29652383,0.0009178869972,0,2,0.6487208583,0.3512791417
2020-10-21 00:00:00+00:00,4.875326976e-05,0.0002625377207,0,-0,-0,-0,-0,0.0003112909904,0,1.287885134,0.0009663394542,0,2,0.6444257369,0.3555742631
2020-10-22 00:00:00+00:00,-0.0009647804534,0.0003440985593,0,-0,-0,-0,-0,-0.0006206818941,0,1.375733789,1.559969013e-06,0,2,0.6878676745,0.3121323255
2020-10-23 00:00:00+00:00,0.0006072734357,0.0007759190666,0,-0,-0,-0,-0,0.001383192502,0,1.422239106,0.0006079924342,0,2,0.711423549,0.288576451
2020-10-24 00:00:00+00:00,1.840800933e-05,0.000483784899,0,-0,-0,-0,-0,0.0005021929084,0,1.411005695,0.0006260860275,0,2,0.7058158907,0.2941841093
2020-10-25 00:00:00+00:00,0.0001863095507,0.0005354989176,0,-0,-0,-0,-0,0.0007218084683,0,1.425650412,0.0008118096072,0,2,0.713231111,0.286768889
2020-10-26 00:00:00+00:00,4.511542953e-05,0.0003125875011,0,-0,-0,-0,-0,0.0003577029306,0,1.410157601,0.0008566186217,0,2,0.7055071097,0.2944928903
2020-10-27 00:00:00+00:00,0.0002759524355,0.0002484103063,0,-0,-0,-0,-0,0.0005243627418,0,1.389008339,0.00113197749,0,2,0.6950701584,0.3049298416
2020-10-28 00:00:00+00:00,-0.0001086490712,0.0002173083385,0,-0,-0,-0,-0,0.0001086592673,0,1.440473742,0.001023217237,0,2,0.7207484798,0.2792515202
2020-10-29 00:00:00+00:00,0.0002364237077,0.000208157627,0,-0,-0,-0,-0,0.0004445813347,0,1.393635044,0.001259081181,0,2,0.6974470625,0.3025529375
2020-10-30 00:00:00+00:00,7.324597689e-05,-4.95596374e-05,0,-0,-0,-0,-0,2.368633949e-05,0,1.402741891,0.001332295601,0,2,0.7020370931,0.2979629069
2020-10-31 00:00:00+00:00,-2.88615697e-05,-2.229914955e-05,0,-0,-0,-0,-0,-5.116071925e-05,0,1.401429581,0.001303500719,0,2,0.7013665408,0.2986334592
2020-11-01 00:00:00+00:00,-3.157252252e-05,-3.490025809e-05,0,-0,-0,-0,-0,-6.64727806e-05,0,1.421346625,0.001272012751,0,2,0.7113093187,0.2886906813
2020-11-02 00:00:00+00:00,-0.0002027026635,3.108887083e-05,0,-0.0006185970227,-0.00031926638,-0,-0.0003295128062,-0.001438990002,0.7981556331,0.6383689728,0.0004802265907,1,1,0.3194245997,0.6805754003
2020-11-03 00:00:00+00:00,-1.263653546e-05,0.0001597751837,0,-0,-0,-0,-0,0.0001471386483,0,0.6163071832,0.0004675212648,0,1,0.3083873522,0.6916126478
2020-11-04 00:00:00+00:00,-6.496714039e-05,9.237594928e-05,0,-0,-0,-0,-0,2.740880889e-05,0,0.6241810698,0.0004025430912,0,1,0.3122918064,0.6877081936
2020-11-05 00:00:00+00:00,-0.0001385979162,9.3566779e-05,0,-0,-0,-0,-0,-4.503113718e-05,0,0.6478745888,0.0002639570613,0,1,0.3240692729,0.6759307271
2020-11-06 00:00:00+00:00,5.431344567e-06,0.0007093667816,0,-0,-0,-0,-0,0.0007147981261,0,0.6702566332,0.0002691959851,0,1,0.3352629146,0.6647370854
2020-11-07 00:00:00+00:00,4.329033271e-05,0.0006192392388,0,-0,-0,-0,-0,0.0006625295715,0,0.732839536,0.0003122794234,0,1,0.3665759077,0.6334240923
2020-11-08 00:00:00+00:00,4.894943884e-05,0.0007691755952,0,-0,-0,-0,-0,0.0008181250341,0,0.69893097,0.0003609335735,0,1,0.3496459518,0.6503540482
2020-11-09 00:00:00+00:00,-3.530454318e-05,0.0004002631666,0,-0,-0,-0,-0,0.0003649586234,0,0.7293737407,0.0003255102325,0,1,0.3648496255,0.6351503745
2020-11-10 00:00:00+00:00,2.500468111e-05,0.0003808948932,0,-0,-0,-0,-0,0.0004058995743,0,0.7130293847,0.0003503726975,0,1,0.3566898787,0.6433101213
2020-11-11 00:00:00+00:00,6.517830565e-05,0.0003093953395,0,-0,-0,-0,-0,0.0003745736452,0,0.7223590649,0.000415395407,0,1,0.3613872302,0.6386127698
2020-11-12 00:00:00+00:00,7.531173453e-05,0.0003705628564,0,-0,-0,-0,-0,0.0004458745909,0,0.7424158775,0.0004904884452,0,1,0.371453183,0.628546817
2020-11-13 00:00:00+00:00,-2.507436789e-05,0.0002195765285,0,-0,-0,-0,-0,0.0001945021606,0,0.7411738256,0.0004653235708,0,1,0.3708195746,0.6291804254
2020-11-14 00:00:00+00:00,-4.285883429e-05,0.0002630700316,0,-0,-0,-0,-0,0.0002202111973,0,0.7635676535,0.0004223717256,0,1,0.3819950126,0.6180049874
2020-11-15 00:00:00+00:00,0.0001846374152,0.0003076925461,0,-0,-0,-0,-0,0.0004923299613,0,0.7381001113,0.000606710439,0,1,0.3693534109,0.6306465891
2020-11-16 00:00:00+00:00,4.688067841e-06,0.0001106240101,0,-0,-0,-0,-0,0.000115312078,0,0.7174810342,0.0006113280133,0,1,0.3590461811,0.6409538189
2020-11-17 00:00:00+00:00,-5.318747833e-05,0.0001075304559,0,-0,-0,-0,-0,5.434297759e-05,0,0.7374785489,0.0005581102056,0,1,0.3690183296,0.6309816704
2020-11-18 00:00:00+00:00,-0.0001034052044,0.0002655198033,0,-0,-0,-0,-0,0.0001621145988,0,0.772071038,0.0004546312988,0,1,0.3862628346,0.6137371654
2020-11-19 00:00:00+00:00,0.0001063112516,0.0005310148368,0,-0,-0,-0,-0,0.0006373260884,0,0.7654844421,0.0005605852748,0,1,0.3830225137,0.6169774863
2020-11-20 00:00:00+00:00,4.515589492e-05,0.0002412952306,0,-0,-0,-0,-0,0.0002864511255,0,0.7537585556,0.0006055677041,0,1,0.3771820617,0.6228179383
2020-11-21 00:00:00+00:00,-3.735060973e-05,0.0006574159459,0,-0,-0,-0,-0,0.0006200653362,0,0.8155122693,0.000567864981,0,1,0.4080400671,0.5919599329
2020-11-22 00:00:00+00:00,-0.001134044953,0.0004036175151,0,-0,-0,-0,-0,-0.0007304274379,0,0.8848513732,-0.0005665938276,0,1,0.4421423897,0.5578576103
2020-11-23 00:00:00+00:00,0.001098161273,0.001059690358,0,-0.0005436706345,-0.0002806041985,-0,-0.0002701898985,0.0010633869,0.7,1.594119132,0.0005304228718,1,2,0.7973247775,0.2026752225
2020-11-24 00:00:00+00:00,7.955882189e-05,0.002599958046,0,-0.0002121326432,-0.0001094820487,-0,-0.0001637874982,0.002194114677,0.2728845316,1.4,0,2,2,0.7,0.3
2020-11-25 00:00:00+00:00,-0.0002168190112,0.001628508,0,-0,-0,-0,-0,0.001411688989,0,1.424237258,-0.0002165133617,0,2,0.7120103723,0.2879896277
2020-11-26 00:00:00+00:00,0.0001837534234,0.001567452469,0,-0,-0,-0,-0,0.001751205893,0,1.364144963,-3.270266915e-05,0,2,0.6820561299,0.3179438701
2020-11-27 00:00:00+00:00,0.0001942523354,0.0005104649877,0,-0,-0,-0,-0,0.0007047173231,0,1.246491355,0.0001614358996,0,2,0.6233263955,0.3766736045
2020-11-28 00:00:00+00:00,0.0001267675437,0.0002333875771,0,-0,-0,-0,-0,0.0003601551207,0,1.244221097,0.0002880996827,0,2,0.6222545981,0.3777454019
2020-11-29 00:00:00+00:00,0.0003164890656,0.0001865899495,0,-0,-0,-0,-0,0.0005030790151,0,1.286858964,0.0006042847453,0,2,0.6437316243,0.3562683757
2020-11-30 00:00:00+00:00,-1.971238775e-05,0.0001929382019,0,-0,-0,-0,-0,0.0001732258141,0,1.348682895,0.0005844711121,0,2,0.6746336829,0.3253663171
2020-12-01 00:00:00+00:00,-0.0008775021014,0.0006222282138,0,-0,-0,-0,-0,-0.0002552738876,0,1.45342503,-0.0002931058116,0,2,0.7265659622,0.2734340378
2020-12-02 00:00:00+00:00,0.0003040519824,0.000836396524,0,-0,-0,-0,-0,0.001140448506,0,1.380285056,1.093370147e-05,0,2,0.6901479949,0.3098520051
2020-12-03 00:00:00+00:00,0.0004748428739,0.0003584670748,0,-0,-0,-0,-0,0.0008333099487,0,1.408574899,0.00048537211,0,2,0.7045301356,0.2954698644
2020-12-04 00:00:00+00:00,-0.0003263790128,0.00049679108,0,-0,-0,-0,-0,0.0001704120672,0,1.43856634,0.0001589660075,0,2,0.7193626529,0.2806373471
2020-12-05 00:00:00+00:00,-0.0001113612308,0.0003391380057,0,-0,-0,-0,-0,0.0002277767749,0,1.353637345,4.759393582e-05,0,2,0.6768424695,0.3231575305
2020-12-06 00:00:00+00:00,0.0004356291426,0.0002803066792,0,-0,-0,-0,-0,0.0007159358218,0,1.404772125,0.0004828773692,0,2,0.7026275014,0.2973724986
2020-12-07 00:00:00+00:00,-0.0003759378369,0.0002106433872,0,-0,-0,-0,-0,-0.0001652944497,0,1.418799829,0.0001069572117,0,2,0.7094533933,0.2905466067
2020-12-08 00:00:00+00:00,3.73224156e-05,0.0002128039308,0,-0,-0,-0,-0,0.0002501263464,0,1.399419372,0.0001442435482,0,2,0.6997818079,0.3002181921
2020-12-09 00:00:00+00:00,0.0003610285126,0.0003013666165,0,-0,-0,-0,-0,0.0006623951291,0,1.324838886,0.0005049375926,0,2,0.6626719117,0.3373280883
2020-12-10 00:00:00+00:00,1.267319043e-05,0.0002108026028,0,-0,-0,-0,-0,0.0002234757932,0,1.353430365,0.0005174951353,0,2,0.6769739301,0.3230260699
2020-12-11 00:00:00+00:00,-0.0003600143757,0.0002029369305,0,-0,-0,-0,-0,-0.0001570774453,0,1.327091781,0.0001575055002,0,2,0.6636246431,0.3363753569
2020-12-12 00:00:00+00:00,0.00029744735,0.0002302322374,0,-0,-0,-0,-0,0.0005276795874,0,1.301261998,0.0004547129075,0,2,0.6508583554,0.3491416446
2020-12-13 00:00:00+00:00,9.727510681e-05,0.0001344898632,0,-0,-0,-0,-0,0.00023176497,0,1.356922651,0.0005518601124,0,2,0.6787372557,0.3212627443
2020-12-14 00:00:00+00:00,-9.746265348e-05,0.0002034556187,0,-0,-0,-0,-0,0.0001059929652,0,1.396524957,0.0004543493011,0,2,0.6984896531,0.3015103469
2020-12-15 00:00:00+00:00,0.0001434897725,0.0002094105911,0,-0,-0,-0,-0,0.0003529003636,0,1.394569808,0.0005976281704,0,2,0.6975837182,0.3024162818
2020-12-16 00:00:00+00:00,-8.222833091e-05,0.000209095827,0,-0,-0,-0,-0,0.0001268674961,0,1.402935883,0.0005153344603,0,2,0.7017256089,0.2982743911
2020-12-17 00:00:00+00:00,-0.0004509569985,0.0006521343671,0,-0,-0,-0,-0,0.0002011773686,0,1.530399984,6.436451311e-05,0,2,0.765232174,0.234767826
2020-12-18 00:00:00+00:00,-2.350386809e-05,0.001278932609,0,-0,-0,-0,-0,0.001255428741,0,1.589856418,4.080941171e-05,0,2,0.7949486139,0.2050513861
2020-12-19 00:00:00+00:00,-7.222454956e-05,0.001053390385,0,-0.000165009538,-8.516671984e-05,-0,-4.709300809e-05,0.0006838965697,0.2127159438,1.4,0,2,2,0.7,0.3
2020-12-20 00:00:00+00:00,-0.0001858103481,0.001131802,0,-0,-0,-0,-0,0.0009459916519,0,1.424948962,-0.0001856347392,0,2,0.7123816635,0.2876183365
2020-12-21 00:00:00+00:00,0.000478309974,0.0011281541,0,-0,-0,-0,-0,0.001606464074,0,1.389927209,0.0002922058166,0,2,0.6951097075,0.3048902925
2020-12-22 00:00:00+00:00,-0.0001902229616,0.0006072703944,0,-0,-0,-0,-0,0.0004170474328,0,1.334651108,0.0001019403411,0,2,0.6673765243,0.3326234757
2020-12-23 00:00:00+00:00,-0.0001400298618,0.0002528124316,0,-0,-0,-0,-0,0.0001127825698,0,1.398404047,-3.808522536e-05,0,2,0.6991829811,0.3008170189
2020-12-24 00:00:00+00:00,0.0006446282177,0.00032685582,0,-0,-0,-0,-0,0.0009714840377,0,1.324701547,0.0006059543174,0,2,0.6626537509,0.3373462491
2020-12-25 00:00:00+00:00,-0.0001384492075,0.000258922353,0,-0,-0,-0,-0,0.0001204731454,0,1.368175463,0.0004674487948,0,2,0.6843214557,0.3156785443
2020-12-26 00:00:00+00:00,-0.0003130556789,0.0003276727892,0,-0,-0,-0,-0,1.461711027e-05,0,1.41359985,0.0001543908592,0,2,0.7068771204,0.2931228796
2020-12-27 00:00:00+00:00,3.659495679e-06,0.000237978066,0,-0,-0,-0,-0,0.0002416375617,0,1.478285683,0.0001580121732,0,2,0.7392218474,0.2607781526
2020-12-28 00:00:00+00:00,-0.0003183660027,0.0009917855544,0,-0,-0,-0,-0,0.0006734195518,0,1.522002584,-0.0001602459168,0,2,0.7609211691,0.2390788309
2020-12-29 00:00:00+00:00,0.0001505435108,0.001479589004,0,-0,-0,-0,-0,0.001630132515,0,1.591551733,-9.686615467e-06,0,2,0.7957710233,0.2042289767
2020-12-30 00:00:00+00:00,-0.0003339108091,0.001306334908,0,-0.000156015677,-8.052976227e-05,-0,-4.417814439e-05,0.0006917005155,0.2012146391,1.4,0,2,2,0.7,0.3
2020-12-31 00:00:00+00:00,0.000134275286,0.001435742,0,-0,-0,-0,-0,0.001570017286,0,1.454969995,0.0001340648019,0,2,0.7275520299,0.2724479701
